Headspace UserId,Pack Category,Pack Name,Session Name,Completion Date,Completion Platform
HSUSER_RQZSRPKAAWOWY30R,PACK_GROUP,Basics,Session 1,2017-01-26 13:12:36,
HSUSER_RQZSRPKAAWOWY30R,PACK_GROUP,Basics,Session 2,2017-01-27 13:24:42,
HSUSER_RQZSRPKAAWOWY30R,PACK_GROUP,Basics,Session 3,2017-01-29 14:59:06,
HSUSER_RQZSRPKAAWOWY30R,PACK_GROUP,Basics,Session 4,2017-01-31 12:56:09,
HSUSER_RQZSRPKAAWOWY30R,PACK_GROUP,Basics,Session 5,2017-02-03 13:00:05,
HSUSER_RQZSRPKAAWOWY30R,PACK_GROUP,Basics,Session 6,2017-02-04 14:12:22,
HSUSER_RQZSRPKAAWOWY30R,PACK_GROUP,Basics,Session 7,2017-02-06 13:26:28,
HSUSER_RQZSRPKAAWOWY30R,PACK_GROUP,Basics,Session 8,2017-02-08 13:53:34,
HSUSER_RQZSRPKAAWOWY30R,PACK_GROUP,Basics,Session 9,2017-02-09 13:31:56,
HSUSER_RQZSRPKAAWOWY30R,PACK_GROUP,Basics,Session 10,2017-02-11 14:08:43,
HSUSER_RQZSRPKAAWOWY30R,PACK_GROUP,Basics 2,Session 1,2017-02-14 13:09:16,
HSUSER_RQZSRPKAAWOWY30R,PACK_GROUP,Basics 2,Session 2,2017-02-16 13:12:55,
HSUSER_RQZSRPKAAWOWY30R,DISCOVER_SINGLES,Sleeping,Sleeping,2017-02-17 05:05:24,
HSUSER_RQZSRPKAAWOWY30R,PACK_GROUP,Basics 2,Session 3,2017-02-17 13:11:52,
HSUSER_RQZSRPKAAWOWY30R,PACK_GROUP,Basics 2,Session 4,2017-02-20 13:26:16,
HSUSER_RQZSRPKAAWOWY30R,PACK_GROUP,Basics 2,Session 5,2017-02-21 13:38:31,
HSUSER_RQZSRPKAAWOWY30R,PACK_GROUP,Basics 2,Session 6,2017-02-23 13:58:49,
HSUSER_RQZSRPKAAWOWY30R,PACK_GROUP,Basics 2,Session 7,2017-02-27 14:18:10,
HSUSER_RQZSRPKAAWOWY30R,PACK_GROUP,Basics 2,Session 8,2017-02-28 14:46:58,
HSUSER_RQZSRPKAAWOWY30R,PACK_GROUP,Basics 2,Session 9,2017-03-01 13:39:18,
HSUSER_RQZSRPKAAWOWY30R,PACK_GROUP,Basics 2,Session 10,2017-03-03 13:16:29,
HSUSER_RQZSRPKAAWOWY30R,PACK_GROUP,Basics 3,Session 1,2017-03-04 13:45:02,
HSUSER_RQZSRPKAAWOWY30R,PACK_GROUP,Basics 3,Session 2,2017-03-06 13:04:23,
HSUSER_RQZSRPKAAWOWY30R,DISCOVER_SINGLES,Sleeping,Sleeping,2017-03-07 05:03:02,
HSUSER_RQZSRPKAAWOWY30R,PACK_GROUP,Basics 3,Session 3,2017-03-07 13:23:13,
HSUSER_RQZSRPKAAWOWY30R,PACK_GROUP,Basics 3,Session 4,2017-03-09 13:38:05,
HSUSER_RQZSRPKAAWOWY30R,PACK_GROUP,Basics 3,Session 5,2017-03-10 13:24:39,
HSUSER_RQZSRPKAAWOWY30R,PACK_GROUP,Basics 3,Session 6,2017-03-13 12:25:10,
HSUSER_RQZSRPKAAWOWY30R,PACK_GROUP,Basics 3,Session 7,2017-03-14 14:57:22,
HSUSER_RQZSRPKAAWOWY30R,PACK_GROUP,Basics 3,Session 8,2017-03-15 12:36:53,
HSUSER_RQZSRPKAAWOWY30R,PACK_GROUP,Basics 3,Session 9,2017-03-16 14:12:00,
HSUSER_RQZSRPKAAWOWY30R,PACK_GROUP,Basics 3,Session 10,2017-03-17 12:32:50,
HSUSER_RQZSRPKAAWOWY30R,PACK_GROUP,Focus,Session 1,2017-05-01 14:10:37,
HSUSER_RQZSRPKAAWOWY30R,PACK_GROUP,Focus,Session 2,2017-05-02 13:36:33,
HSUSER_RQZSRPKAAWOWY30R,PACK_GROUP,Focus,Session 3,2017-05-04 14:13:35,
HSUSER_RQZSRPKAAWOWY30R,PACK_GROUP,Focus,Session 4,2017-05-09 12:14:51,
HSUSER_RQZSRPKAAWOWY30R,PACK_GROUP,Focus,Session 5,2017-05-12 14:06:23,
HSUSER_RQZSRPKAAWOWY30R,PACK_GROUP,Focus,Session 6,2017-05-15 12:35:17,
HSUSER_RQZSRPKAAWOWY30R,PACK_GROUP,Focus,Session 7,2017-05-17 13:56:17,
HSUSER_RQZSRPKAAWOWY30R,PACK_GROUP,Focus,Session 8,2017-05-19 13:20:08,
HSUSER_RQZSRPKAAWOWY30R,PACK_GROUP,Focus,Session 9,2017-05-20 16:50:36,
HSUSER_RQZSRPKAAWOWY30R,PACK_GROUP,Focus,Session 10,2017-05-23 12:55:38,
HSUSER_RQZSRPKAAWOWY30R,PACK_GROUP,Happiness,Session 1,2017-05-24 13:52:17,
HSUSER_RQZSRPKAAWOWY30R,PACK_GROUP,Happiness,Session 2,2017-05-25 13:40:24,
HSUSER_RQZSRPKAAWOWY30R,PACK_GROUP,Happiness,Session 3,2017-05-28 14:09:58,
HSUSER_RQZSRPKAAWOWY30R,PACK_GROUP,Happiness,Session 4,2017-05-30 13:48:44,
HSUSER_RQZSRPKAAWOWY30R,PACK_GROUP,Happiness,Session 5,2017-05-31 13:35:37,
HSUSER_RQZSRPKAAWOWY30R,PACK_GROUP,Happiness,Session 6,2017-06-05 13:59:13,
HSUSER_RQZSRPKAAWOWY30R,PACK_GROUP,Happiness,Session 7,2017-06-06 13:58:55,
HSUSER_RQZSRPKAAWOWY30R,PACK_GROUP,Happiness,Session 8,2017-06-09 13:26:50,
HSUSER_RQZSRPKAAWOWY30R,PACK_GROUP,Happiness,Session 9,2017-06-13 13:32:53,
HSUSER_RQZSRPKAAWOWY30R,PACK_GROUP,Happiness,Session 10,2017-06-14 13:44:02,
HSUSER_RQZSRPKAAWOWY30R,PACK_GROUP,Restlessness,Session 1,2017-06-20 12:38:37,
HSUSER_RQZSRPKAAWOWY30R,PACK_GROUP,Restlessness,Session 2,2017-06-23 18:36:49,
HSUSER_RQZSRPKAAWOWY30R,PACK_GROUP,Restlessness,Session 3,2017-06-27 18:37:40,
HSUSER_RQZSRPKAAWOWY30R,PACK_GROUP,Restlessness,Session 4,2017-07-04 13:44:31,
HSUSER_RQZSRPKAAWOWY30R,PACK_GROUP,Restlessness,Session 5,2017-07-05 14:17:48,
HSUSER_RQZSRPKAAWOWY30R,PACK_GROUP,Restlessness,Session 6,2017-07-06 12:30:16,ANDROID
HSUSER_RQZSRPKAAWOWY30R,PACK_GROUP,Restlessness,Session 7,2017-07-07 12:52:19,ANDROID
HSUSER_RQZSRPKAAWOWY30R,PACK_GROUP,Restlessness,Session 8,2017-07-08 13:17:21,ANDROID
HSUSER_RQZSRPKAAWOWY30R,PACK_GROUP,Restlessness,Session 9,2017-07-14 02:38:26,ANDROID
HSUSER_RQZSRPKAAWOWY30R,DISCOVER_SINGLES,Sleeping,Sleeping,2017-07-15 03:43:13,ANDROID
HSUSER_RQZSRPKAAWOWY30R,PACK_GROUP,Restlessness,Session 10,2017-07-15 12:42:48,ANDROID
HSUSER_RQZSRPKAAWOWY30R,PACK_GROUP,Patience,Session 1,2017-07-16 21:11:41,ANDROID
HSUSER_RQZSRPKAAWOWY30R,PACK_GROUP,Patience,Session 2,2017-07-19 13:20:19,ANDROID
HSUSER_RQZSRPKAAWOWY30R,PACK_GROUP,Patience,Session 3,2017-07-20 12:53:04,ANDROID
HSUSER_RQZSRPKAAWOWY30R,MINIS,Restore,Restore,2017-07-20 19:07:44,ANDROID
HSUSER_RQZSRPKAAWOWY30R,PACK_GROUP,Patience,Session 4,2017-07-21 13:19:44,ANDROID
HSUSER_RQZSRPKAAWOWY30R,PACK_GROUP,Patience,Session 5,2017-07-22 15:03:47,ANDROID
HSUSER_RQZSRPKAAWOWY30R,PACK_GROUP,Patience,Session 6,2017-07-23 16:14:54,ANDROID
HSUSER_RQZSRPKAAWOWY30R,PACK_GROUP,Patience,Session 7,2017-07-24 13:47:20,ANDROID
HSUSER_RQZSRPKAAWOWY30R,PACK_GROUP,Patience,Session 8,2017-07-25 14:11:29,ANDROID
HSUSER_RQZSRPKAAWOWY30R,PACK_GROUP,Patience,Session 9,2017-07-26 17:59:29,ANDROID
HSUSER_RQZSRPKAAWOWY30R,PACK_GROUP,Patience,Session 10,2017-07-27 13:34:37,ANDROID
HSUSER_RQZSRPKAAWOWY30R,PACK_GROUP,Acceptance,Session 1,2017-07-28 12:27:46,ANDROID
HSUSER_RQZSRPKAAWOWY30R,PACK_GROUP,Acceptance,Session 2,2017-07-31 14:47:40,ANDROID
HSUSER_RQZSRPKAAWOWY30R,MINIS,Refresh,Refresh,2017-07-31 21:50:25,ANDROID
HSUSER_RQZSRPKAAWOWY30R,PACK_GROUP,Acceptance,Session 3,2017-08-01 14:43:52,ANDROID
HSUSER_RQZSRPKAAWOWY30R,DISCOVER_SINGLES,Sleeping,Sleeping,2017-08-03 02:56:23,ANDROID
HSUSER_RQZSRPKAAWOWY30R,PACK_GROUP,Acceptance,Session 4,2017-08-03 12:42:46,ANDROID
HSUSER_RQZSRPKAAWOWY30R,PACK_GROUP,Acceptance,Session 5,2017-08-04 14:28:03,ANDROID
HSUSER_RQZSRPKAAWOWY30R,PACK_GROUP,Acceptance,Session 6,2017-08-05 14:08:51,ANDROID
HSUSER_RQZSRPKAAWOWY30R,PACK_GROUP,Acceptance,Session 7,2017-08-06 19:44:09,ANDROID
HSUSER_RQZSRPKAAWOWY30R,PACK_GROUP,Acceptance,Session 8,2017-08-07 14:56:38,ANDROID
HSUSER_RQZSRPKAAWOWY30R,PACK_GROUP,Acceptance,Session 9,2017-08-08 13:44:44,ANDROID
HSUSER_RQZSRPKAAWOWY30R,PACK_GROUP,Acceptance,Session 10,2017-08-09 12:43:16,ANDROID
HSUSER_RQZSRPKAAWOWY30R,PACK_GROUP,Appreciation,Session 1,2017-08-10 12:49:09,ANDROID
HSUSER_RQZSRPKAAWOWY30R,PACK_GROUP,Appreciation,Session 2,2017-08-11 13:22:59,ANDROID
HSUSER_RQZSRPKAAWOWY30R,PACK_GROUP,Appreciation,Session 3,2017-08-12 15:29:11,ANDROID
HSUSER_RQZSRPKAAWOWY30R,DISCOVER_SINGLES,Sleeping,Sleeping,2017-08-13 04:54:37,ANDROID
HSUSER_RQZSRPKAAWOWY30R,PACK_GROUP,Appreciation,Session 4,2017-08-13 14:11:34,ANDROID
HSUSER_RQZSRPKAAWOWY30R,PACK_GROUP,Appreciation,Session 5,2017-08-14 17:47:58,ANDROID
HSUSER_RQZSRPKAAWOWY30R,PACK_GROUP,Appreciation,Session 6,2017-08-15 14:03:00,ANDROID
HSUSER_RQZSRPKAAWOWY30R,PACK_GROUP,Appreciation,Session 7,2017-08-16 13:52:14,ANDROID
HSUSER_RQZSRPKAAWOWY30R,MINIS,Restore,Restore,2017-08-16 19:45:27,ANDROID
HSUSER_RQZSRPKAAWOWY30R,PACK_GROUP,Appreciation,Session 8,2017-08-17 13:20:17,ANDROID
HSUSER_RQZSRPKAAWOWY30R,DISCOVER_SINGLES,SOS 4,SOS 4,2017-08-18 04:45:49,ANDROID
HSUSER_RQZSRPKAAWOWY30R,PACK_GROUP,Appreciation,Session 9,2017-08-18 12:59:56,ANDROID
HSUSER_RQZSRPKAAWOWY30R,PACK_GROUP,Recovery,Session 1,2017-08-20 01:24:38,ANDROID
HSUSER_RQZSRPKAAWOWY30R,PACK_GROUP,Recovery,Session 2,2017-08-21 03:20:26,ANDROID
HSUSER_RQZSRPKAAWOWY30R,PACK_GROUP,Recovery,Session 3,2017-08-21 13:44:00,ANDROID
HSUSER_RQZSRPKAAWOWY30R,PACK_GROUP,Recovery,Session 4,2017-08-22 12:55:09,ANDROID
HSUSER_RQZSRPKAAWOWY30R,PACK_GROUP,Appreciation,Session 10,2017-08-23 13:33:42,ANDROID
HSUSER_RQZSRPKAAWOWY30R,PACK_GROUP,Recovery,Session 5,2017-08-24 13:11:25,ANDROID
HSUSER_RQZSRPKAAWOWY30R,PACK_GROUP,Recovery,Session 6,2017-08-25 12:53:57,ANDROID
HSUSER_RQZSRPKAAWOWY30R,DISCOVER_SINGLES,Guided,Guided,2017-08-26 18:50:22,ANDROID
HSUSER_RQZSRPKAAWOWY30R,PACK_GROUP,Recovery,Session 7,2017-08-28 02:31:30,ANDROID
HSUSER_RQZSRPKAAWOWY30R,PACK_GROUP,Recovery,Session 8,2017-08-28 12:56:37,ANDROID
HSUSER_RQZSRPKAAWOWY30R,PACK_GROUP,Recovery,Session 9,2017-08-29 13:04:43,ANDROID
HSUSER_RQZSRPKAAWOWY30R,PACK_GROUP,Recovery,Session 10,2017-08-30 13:41:32,ANDROID
HSUSER_RQZSRPKAAWOWY30R,PACK_GROUP,Level 1,Session 1,2017-08-31 13:12:26,ANDROID
HSUSER_RQZSRPKAAWOWY30R,PACK_GROUP,Level 1,Session 2,2017-09-01 13:23:16,ANDROID
HSUSER_RQZSRPKAAWOWY30R,PACK_GROUP,Level 1,Session 3,2017-09-02 22:34:29,ANDROID
HSUSER_RQZSRPKAAWOWY30R,PACK_GROUP,Level 1,Session 4,2017-09-03 19:26:32,ANDROID
HSUSER_RQZSRPKAAWOWY30R,PACK_GROUP,Level 1,Session 5,2017-09-04 16:54:35,ANDROID
HSUSER_RQZSRPKAAWOWY30R,PACK_GROUP,Level 1,Session 6,2017-09-05 13:52:08,ANDROID
HSUSER_RQZSRPKAAWOWY30R,PACK_GROUP,Level 1,Session 7,2017-09-06 13:10:44,ANDROID
HSUSER_RQZSRPKAAWOWY30R,PACK_GROUP,Level 1,Session 8,2017-09-07 14:19:34,ANDROID
HSUSER_RQZSRPKAAWOWY30R,PACK_GROUP,Level 1,Session 9,2017-09-08 12:37:05,ANDROID
HSUSER_RQZSRPKAAWOWY30R,PACK_GROUP,Level 1,Session 10,2017-09-09 14:31:44,ANDROID
HSUSER_RQZSRPKAAWOWY30R,PACK_GROUP,Productivity,Session 1,2017-09-10 15:17:23,ANDROID
HSUSER_RQZSRPKAAWOWY30R,PACK_GROUP,Productivity,Session 2,2017-09-11 12:38:18,ANDROID
HSUSER_RQZSRPKAAWOWY30R,PACK_GROUP,Productivity,Session 3,2017-09-12 13:45:37,ANDROID
HSUSER_RQZSRPKAAWOWY30R,PACK_GROUP,Productivity,Session 4,2017-09-13 13:51:13,ANDROID
HSUSER_RQZSRPKAAWOWY30R,PACK_GROUP,Productivity,Session 5,2017-09-14 13:18:22,ANDROID
HSUSER_RQZSRPKAAWOWY30R,PACK_GROUP,Productivity,Session 6,2017-09-15 12:36:49,ANDROID
HSUSER_RQZSRPKAAWOWY30R,PACK_GROUP,Productivity,Session 7,2017-09-16 14:31:37,ANDROID
HSUSER_RQZSRPKAAWOWY30R,PACK_GROUP,Productivity,Session 8,2017-09-17 14:33:23,ANDROID
HSUSER_RQZSRPKAAWOWY30R,PACK_GROUP,Productivity,Session 9,2017-09-18 13:35:32,ANDROID
HSUSER_RQZSRPKAAWOWY30R,PACK_GROUP,Productivity,Session 10,2017-09-19 14:01:28,ANDROID
HSUSER_RQZSRPKAAWOWY30R,DISCOVER_SINGLES,Sleeping,Sleeping,2017-09-20 09:32:03,ANDROID
HSUSER_RQZSRPKAAWOWY30R,PACK_GROUP,Generosity,Session 1,2017-09-21 13:45:28,ANDROID
HSUSER_RQZSRPKAAWOWY30R,PACK_GROUP,Generosity,Session 2,2017-09-23 00:20:21,ANDROID
HSUSER_RQZSRPKAAWOWY30R,PACK_GROUP,Generosity,Session 3,2017-09-23 12:09:18,ANDROID
HSUSER_RQZSRPKAAWOWY30R,DISCOVER_SINGLES,Commuting,Commuting,2017-09-24 12:20:32,ANDROID
HSUSER_RQZSRPKAAWOWY30R,DISCOVER_SINGLES,End of Day,End of Day,2017-09-26 02:08:04,ANDROID
HSUSER_RQZSRPKAAWOWY30R,DISCOVER_SINGLES,Reset,Reset,2017-09-26 20:03:37,ANDROID
HSUSER_RQZSRPKAAWOWY30R,PACK_GROUP,Generosity,Session 4,2017-09-27 12:32:41,ANDROID
HSUSER_RQZSRPKAAWOWY30R,PACK_GROUP,Generosity,Session 5,2017-09-28 13:39:34,ANDROID
HSUSER_RQZSRPKAAWOWY30R,PACK_GROUP,Generosity,Session 6,2017-09-29 12:32:29,ANDROID
HSUSER_RQZSRPKAAWOWY30R,PACK_GROUP,Generosity,Session 7,2017-09-30 17:26:49,ANDROID
HSUSER_RQZSRPKAAWOWY30R,MINIS,Restore,Restore,2017-10-01 22:52:40,ANDROID
HSUSER_RQZSRPKAAWOWY30R,DISCOVER_SINGLES,Recovery,Recovery,2017-10-02 12:19:53,ANDROID
HSUSER_RQZSRPKAAWOWY30R,PACK_GROUP,Generosity,Session 8,2017-10-03 14:02:18,ANDROID
HSUSER_RQZSRPKAAWOWY30R,PACK_GROUP,Generosity,Session 9,2017-10-04 14:04:23,ANDROID
HSUSER_RQZSRPKAAWOWY30R,PACK_GROUP,Generosity,Session 10,2017-10-05 13:47:38,ANDROID
HSUSER_RQZSRPKAAWOWY30R,MINIS,Unwind,Unwind,2017-10-07 04:00:06,ANDROID
HSUSER_RQZSRPKAAWOWY30R,PACK_GROUP,Kindness,Session 1,2017-10-07 14:34:55,ANDROID
HSUSER_RQZSRPKAAWOWY30R,PACK_GROUP,Kindness,Session 2,2017-10-08 14:38:41,ANDROID
HSUSER_RQZSRPKAAWOWY30R,PACK_GROUP,Kindness,Session 3,2017-10-09 21:55:22,ANDROID
HSUSER_RQZSRPKAAWOWY30R,PACK_GROUP,Kindness,Session 4,2017-10-10 11:24:12,ANDROID
HSUSER_RQZSRPKAAWOWY30R,DISCOVER_SINGLES,Waking Up,Waking Up,2017-10-11 13:10:24,ANDROID
HSUSER_RQZSRPKAAWOWY30R,PACK_GROUP,Kindness,Session 5,2017-10-12 13:31:31,ANDROID
HSUSER_RQZSRPKAAWOWY30R,DISCOVER_SINGLES,Taking a Break,Taking a Break,2017-10-13 18:21:55,ANDROID
HSUSER_RQZSRPKAAWOWY30R,PACK_GROUP,Motivation,Session 1,2017-10-14 19:39:15,ANDROID
HSUSER_RQZSRPKAAWOWY30R,DISCOVER_SINGLES,Recovery,Recovery,2017-10-15 22:04:13,ANDROID
HSUSER_RQZSRPKAAWOWY30R,DISCOVER_SINGLES,Sleeping,Sleeping,2017-10-17 03:56:43,ANDROID
HSUSER_RQZSRPKAAWOWY30R,PACK_GROUP,Kindness,Session 6,2017-10-18 02:30:20,ANDROID
HSUSER_RQZSRPKAAWOWY30R,MINIS,Focus,Focus,2017-10-19 01:12:32,ANDROID
HSUSER_RQZSRPKAAWOWY30R,PACK_GROUP,Kindness,Session 7,2017-10-19 13:40:24,ANDROID
HSUSER_RQZSRPKAAWOWY30R,PACK_GROUP,Kindness,Session 8,2017-10-20 22:21:34,ANDROID
HSUSER_RQZSRPKAAWOWY30R,DISCOVER_SINGLES,Recovery,Recovery,2017-10-22 00:02:00,ANDROID
HSUSER_RQZSRPKAAWOWY30R,PACK_GROUP,Kindness,Session 9,2017-10-22 20:35:16,ANDROID
HSUSER_RQZSRPKAAWOWY30R,PACK_GROUP,Kindness,Session 10,2017-10-23 22:30:26,ANDROID
HSUSER_RQZSRPKAAWOWY30R,MINIS,Breathe,Breathe,2017-10-25 05:20:48,ANDROID
HSUSER_RQZSRPKAAWOWY30R,PACK_GROUP,Motivation,Session 2,2017-10-25 16:23:16,ANDROID
HSUSER_RQZSRPKAAWOWY30R,DISCOVER_SINGLES,Stressed,Stressed,2017-10-26 21:43:52,ANDROID
HSUSER_RQZSRPKAAWOWY30R,PACK_GROUP,Motivation,Session 3,2017-10-27 14:01:24,ANDROID
HSUSER_RQZSRPKAAWOWY30R,PACK_GROUP,Motivation,Session 4,2017-10-28 14:48:03,ANDROID
HSUSER_RQZSRPKAAWOWY30R,DISCOVER_SINGLES,Recovery,Recovery,2017-10-30 03:06:25,ANDROID
HSUSER_RQZSRPKAAWOWY30R,DISCOVER_SINGLES,Waking Up,Waking Up,2017-10-30 13:20:40,ANDROID
HSUSER_RQZSRPKAAWOWY30R,PACK_GROUP,Motivation,Session 5,2017-10-31 13:20:54,ANDROID
HSUSER_RQZSRPKAAWOWY30R,PACK_GROUP,Motivation,Session 6,2017-11-01 13:42:56,ANDROID
HSUSER_RQZSRPKAAWOWY30R,DISCOVER_SINGLES,Early Mornings,Early Mornings,2017-11-02 11:30:01,ANDROID
HSUSER_RQZSRPKAAWOWY30R,DISCOVER_SINGLES,Commuting,Commuting,2017-11-03 12:03:27,ANDROID
HSUSER_RQZSRPKAAWOWY30R,MINIS,Body Scan,Body Scan,2017-11-04 21:14:49,ANDROID
HSUSER_RQZSRPKAAWOWY30R,DISCOVER_SINGLES,Recovery,Recovery,2017-11-06 03:49:00,ANDROID
HSUSER_RQZSRPKAAWOWY30R,PACK_GROUP,Motivation,Session 7,2017-11-06 13:59:48,ANDROID
HSUSER_RQZSRPKAAWOWY30R,PACK_GROUP,Motivation,Session 8,2017-11-08 02:25:36,ANDROID
HSUSER_RQZSRPKAAWOWY30R,DISCOVER_SINGLES,Taking a Break,Taking a Break,2017-11-08 18:29:39,ANDROID
HSUSER_RQZSRPKAAWOWY30R,DISCOVER_SINGLES,Reset,Reset,2017-11-09 23:39:24,ANDROID
HSUSER_RQZSRPKAAWOWY30R,MINIS,Focus,Focus,2017-11-11 05:08:13,ANDROID
HSUSER_RQZSRPKAAWOWY30R,DISCOVER_SINGLES,Recovery,Recovery,2017-11-12 01:20:40,ANDROID
HSUSER_RQZSRPKAAWOWY30R,PACK_GROUP,Motivation,Session 9,2017-11-13 01:09:51,ANDROID
HSUSER_RQZSRPKAAWOWY30R,PACK_GROUP,Motivation,Session 10,2017-11-13 21:59:53,ANDROID
HSUSER_RQZSRPKAAWOWY30R,DISCOVER_SINGLES,Vacation,Vacation,2017-11-15 04:14:21,ANDROID
HSUSER_RQZSRPKAAWOWY30R,DISCOVER_SINGLES,Vacation,Vacation,2017-11-15 15:09:43,ANDROID
HSUSER_RQZSRPKAAWOWY30R,PACK_GROUP,Happiness,Session 1,2017-11-16 15:26:45,ANDROID
HSUSER_RQZSRPKAAWOWY30R,PACK_GROUP,Happiness,Session 2,2017-11-17 14:00:22,ANDROID
HSUSER_RQZSRPKAAWOWY30R,DISCOVER_SINGLES,Vacation,Vacation,2017-11-18 16:43:18,ANDROID
HSUSER_RQZSRPKAAWOWY30R,DISCOVER_SINGLES,Waking Up,Waking Up,2017-11-19 06:58:38,ANDROID
HSUSER_RQZSRPKAAWOWY30R,MINIS,Restore,Restore,2017-11-20 09:05:42,ANDROID
HSUSER_RQZSRPKAAWOWY30R,PACK_GROUP,Happiness,Session 2,2017-11-21 08:33:00,ANDROID
HSUSER_RQZSRPKAAWOWY30R,DISCOVER_SINGLES,Vacation,Vacation,2017-11-22 08:52:33,ANDROID
HSUSER_RQZSRPKAAWOWY30R,DISCOVER_SINGLES,Vacation,Vacation,2017-11-23 11:04:25,ANDROID
HSUSER_RQZSRPKAAWOWY30R,PACK_GROUP,Happiness,Session 2,2017-11-24 17:28:04,ANDROID
HSUSER_RQZSRPKAAWOWY30R,DISCOVER_SINGLES,Vacation,Vacation,2017-11-25 06:51:45,ANDROID
HSUSER_RQZSRPKAAWOWY30R,PACK_GROUP,Happiness,Session 3,2017-11-26 16:45:11,ANDROID
HSUSER_RQZSRPKAAWOWY30R,DISCOVER_SINGLES,Sleeping,Sleeping,2017-11-27 23:07:53,ANDROID
HSUSER_RQZSRPKAAWOWY30R,PACK_GROUP,Happiness,Session 4,2017-11-28 13:44:13,ANDROID
HSUSER_RQZSRPKAAWOWY30R,MINIS,Restore,Restore,2017-11-29 22:44:51,ANDROID
HSUSER_RQZSRPKAAWOWY30R,MINIS,Focus,Focus,2017-12-01 01:22:55,ANDROID
HSUSER_RQZSRPKAAWOWY30R,MINIS,Body Scan,Body Scan,2017-12-01 21:45:17,ANDROID
HSUSER_RQZSRPKAAWOWY30R,DISCOVER_SINGLES,Vacation,Vacation,2017-12-02 23:47:26,ANDROID
HSUSER_RQZSRPKAAWOWY30R,PACK_GROUP,Happiness,Session 5,2017-12-03 11:35:39,ANDROID
HSUSER_RQZSRPKAAWOWY30R,PACK_GROUP,Happiness,Session 5,2017-12-04 16:36:14,ANDROID
HSUSER_RQZSRPKAAWOWY30R,PACK_GROUP,Happiness,Session 6,2017-12-06 00:25:08,ANDROID
HSUSER_RQZSRPKAAWOWY30R,PACK_GROUP,Happiness,Session 7,2017-12-06 14:16:44,ANDROID
HSUSER_RQZSRPKAAWOWY30R,PACK_GROUP,Happiness,Session 8,2017-12-07 19:46:49,ANDROID
HSUSER_RQZSRPKAAWOWY30R,PACK_GROUP,Happiness,Session 9,2017-12-08 16:29:23,ANDROID
HSUSER_RQZSRPKAAWOWY30R,DISCOVER_SINGLES,Taking a Break,Taking a Break,2017-12-10 01:20:04,ANDROID
HSUSER_RQZSRPKAAWOWY30R,PACK_GROUP,Happiness,Session 10,2017-12-10 15:06:25,ANDROID
HSUSER_RQZSRPKAAWOWY30R,DISCOVER_SINGLES,Early Mornings,Early Mornings,2017-12-11 15:07:56,ANDROID
HSUSER_RQZSRPKAAWOWY30R,PACK_GROUP,Relationships,Session 1,2017-12-12 15:32:12,ANDROID
HSUSER_RQZSRPKAAWOWY30R,PACK_GROUP,Relationships,Session 2,2017-12-13 14:45:52,ANDROID
HSUSER_RQZSRPKAAWOWY30R,DISCOVER_SINGLES,Sleeping,Sleeping,2017-12-15 05:05:20,ANDROID
HSUSER_RQZSRPKAAWOWY30R,DISCOVER_SINGLES,Early Mornings,Early Mornings,2017-12-15 12:56:22,ANDROID
HSUSER_RQZSRPKAAWOWY30R,DISCOVER_SINGLES,For the Weekend,For the Weekend,2017-12-16 23:59:22,ANDROID
HSUSER_RQZSRPKAAWOWY30R,PACK_GROUP,Relationships,Session 3,2017-12-18 01:34:38,ANDROID
HSUSER_RQZSRPKAAWOWY30R,DISCOVER_SINGLES,Sleeping,Sleeping,2017-12-19 04:56:42,ANDROID
HSUSER_RQZSRPKAAWOWY30R,PACK_GROUP,Relationships,Session 4,2017-12-19 15:33:30,ANDROID
HSUSER_RQZSRPKAAWOWY30R,DISCOVER_SINGLES,Reset,Reset,2017-12-21 03:55:02,ANDROID
HSUSER_RQZSRPKAAWOWY30R,DISCOVER_SINGLES,End of Day,End of Day,2017-12-21 23:08:40,ANDROID
HSUSER_RQZSRPKAAWOWY30R,DISCOVER_SINGLES,Sound: snooze,Sound: snooze,2017-12-22 06:15:08,ANDROID
HSUSER_RQZSRPKAAWOWY30R,PACK_GROUP,Relationships,Session 5,2017-12-22 13:42:57,ANDROID
HSUSER_RQZSRPKAAWOWY30R,PACK_GROUP,Relationships,Session 6,2017-12-23 22:54:07,ANDROID
HSUSER_RQZSRPKAAWOWY30R,DISCOVER_SINGLES,Sleeping,Sleeping,2017-12-25 08:12:13,ANDROID
HSUSER_RQZSRPKAAWOWY30R,PACK_GROUP,Relationships,Session 7,2017-12-25 19:16:10,ANDROID
HSUSER_RQZSRPKAAWOWY30R,PACK_GROUP,Relationships,Session 8,2017-12-26 18:02:02,ANDROID
HSUSER_RQZSRPKAAWOWY30R,PACK_GROUP,Relationships,Session 9,2017-12-27 19:20:09,ANDROID
HSUSER_RQZSRPKAAWOWY30R,DISCOVER_SINGLES,End of Day,End of Day,2017-12-28 17:05:45,ANDROID
HSUSER_RQZSRPKAAWOWY30R,DISCOVER_SINGLES,Stressed,Stressed,2017-12-30 03:25:17,ANDROID
HSUSER_RQZSRPKAAWOWY30R,DISCOVER_SINGLES,Fear of Flying,Fear of Flying,2017-12-31 06:14:38,ANDROID
HSUSER_RQZSRPKAAWOWY30R,PACK_GROUP,Relationships,Session 10,2017-12-31 17:19:30,ANDROID
HSUSER_RQZSRPKAAWOWY30R,DISCOVER_SINGLES,Vacation,Vacation,2018-01-01 21:53:19,ANDROID
HSUSER_RQZSRPKAAWOWY30R,DISCOVER_SINGLES,Sleeping,Sleeping,2018-01-02 05:16:53,ANDROID
HSUSER_RQZSRPKAAWOWY30R,DISCOVER_SINGLES,Vacation,Vacation,2018-01-02 19:29:14,ANDROID
HSUSER_RQZSRPKAAWOWY30R,PACK_GROUP,Relationships,Session 11,2018-01-03 20:52:08,ANDROID
HSUSER_RQZSRPKAAWOWY30R,MINIS,Restore,Restore,2018-01-05 06:52:39,ANDROID
HSUSER_RQZSRPKAAWOWY30R,DISCOVER_SINGLES,Waking Up,Waking Up,2018-01-05 17:32:17,ANDROID
HSUSER_RQZSRPKAAWOWY30R,DISCOVER_SINGLES,Early Mornings,Early Mornings,2018-01-06 17:44:47,ANDROID
HSUSER_RQZSRPKAAWOWY30R,DISCOVER_SINGLES,Guided,Guided,2018-01-08 00:01:25,ANDROID
HSUSER_RQZSRPKAAWOWY30R,DISCOVER_SINGLES,Recovery,Recovery,2018-01-08 23:56:31,ANDROID
HSUSER_RQZSRPKAAWOWY30R,DISCOVER_SINGLES,End of Day,End of Day,2018-01-10 02:32:20,ANDROID
HSUSER_RQZSRPKAAWOWY30R,DISCOVER_SINGLES,Sleeping,Sleeping,2018-01-11 04:46:31,ANDROID
HSUSER_RQZSRPKAAWOWY30R,DISCOVER_SINGLES,Recovery,Recovery,2018-01-11 17:17:59,ANDROID
HSUSER_RQZSRPKAAWOWY30R,PACK_GROUP,Relationships,Session 12,2018-01-12 22:02:37,ANDROID
HSUSER_RQZSRPKAAWOWY30R,DISCOVER_SINGLES,Sleeping,Sleeping,2018-01-14 04:40:44,ANDROID
HSUSER_RQZSRPKAAWOWY30R,DISCOVER_SINGLES,End of Day,End of Day,2018-01-15 02:15:40,ANDROID
HSUSER_RQZSRPKAAWOWY30R,DISCOVER_SINGLES,Sleeping,Sleeping,2018-01-16 04:57:37,ANDROID
HSUSER_RQZSRPKAAWOWY30R,PACK_GROUP,Relationships,Session 13,2018-01-16 14:29:48,ANDROID
HSUSER_RQZSRPKAAWOWY30R,DISCOVER_SINGLES,Sleeping,Sleeping,2018-01-18 05:14:03,ANDROID
HSUSER_RQZSRPKAAWOWY30R,PACK_GROUP,Relationships,Session 14,2018-01-18 15:34:32,ANDROID
HSUSER_RQZSRPKAAWOWY30R,DISCOVER_SINGLES,Sleeping,Sleeping,2018-01-20 05:01:34,ANDROID
HSUSER_RQZSRPKAAWOWY30R,DISCOVER_SINGLES,Vacation,Vacation,2018-01-21 04:56:27,ANDROID
HSUSER_RQZSRPKAAWOWY30R,PACK_GROUP,Relationships,Session 15,2018-01-21 19:16:36,ANDROID
HSUSER_RQZSRPKAAWOWY30R,PACK_GROUP,Relationships,Session 16,2018-01-22 14:18:25,ANDROID
HSUSER_RQZSRPKAAWOWY30R,DISCOVER_SINGLES,Vacation,Vacation,2018-01-24 04:56:10,ANDROID
HSUSER_RQZSRPKAAWOWY30R,PACK_GROUP,Relationships,Session 17,2018-01-24 14:42:26,ANDROID
HSUSER_RQZSRPKAAWOWY30R,PACK_GROUP,Relationships,Session 18,2018-01-25 21:56:34,ANDROID
HSUSER_RQZSRPKAAWOWY30R,PACK_GROUP,Relationships,Session 19,2018-01-26 15:13:07,ANDROID
HSUSER_RQZSRPKAAWOWY30R,DISCOVER_SINGLES,Sleeping,Sleeping,2018-01-28 07:31:51,ANDROID
HSUSER_RQZSRPKAAWOWY30R,DISCOVER_SINGLES,Recovery,Recovery,2018-01-28 23:28:45,ANDROID
HSUSER_RQZSRPKAAWOWY30R,DISCOVER_SINGLES,Sleeping,Sleeping,2018-01-30 05:04:21,ANDROID
HSUSER_RQZSRPKAAWOWY30R,DISCOVER_SINGLES,Sleeping,Sleeping,2018-01-31 05:15:04,ANDROID
HSUSER_RQZSRPKAAWOWY30R,PACK_GROUP,Relationships,Session 20,2018-01-31 14:59:03,ANDROID
HSUSER_RQZSRPKAAWOWY30R,DISCOVER_SINGLES,Sleeping,Sleeping,2018-02-02 05:49:14,ANDROID
HSUSER_RQZSRPKAAWOWY30R,DISCOVER_SINGLES,For the Weekend,For the Weekend,2018-02-03 04:23:43,ANDROID
HSUSER_RQZSRPKAAWOWY30R,DISCOVER_SINGLES,In Your Home,In Your Home,2018-02-03 22:02:07,ANDROID
HSUSER_RQZSRPKAAWOWY30R,MINIS,Unwind,Unwind,2018-02-05 04:13:04,ANDROID
HSUSER_RQZSRPKAAWOWY30R,DISCOVER_SINGLES,Presentations,Presentations,2018-02-05 16:20:14,ANDROID
HSUSER_RQZSRPKAAWOWY30R,DISCOVER_SINGLES,Presentations,Presentations,2018-02-06 14:23:27,ANDROID
HSUSER_RQZSRPKAAWOWY30R,DISCOVER_SINGLES,Presentations,Presentations,2018-02-07 13:53:19,ANDROID
HSUSER_RQZSRPKAAWOWY30R,DISCOVER_SINGLES,Sleeping,Sleeping,2018-02-09 05:49:27,ANDROID
HSUSER_RQZSRPKAAWOWY30R,DISCOVER_SINGLES,Presentations,Presentations,2018-02-09 14:50:15,ANDROID
HSUSER_RQZSRPKAAWOWY30R,DISCOVER_SINGLES,Recovery,Recovery,2018-02-11 02:51:24,ANDROID
HSUSER_RQZSRPKAAWOWY30R,DISCOVER_SINGLES,Recovery,Recovery,2018-02-12 02:15:36,ANDROID
HSUSER_RQZSRPKAAWOWY30R,DISCOVER_SINGLES,Sleeping,Sleeping,2018-02-13 05:55:32,ANDROID
HSUSER_RQZSRPKAAWOWY30R,PACK_GROUP,Focus,Session 1,2018-02-13 14:53:46,ANDROID
HSUSER_RQZSRPKAAWOWY30R,DISCOVER_SINGLES,End of Day,End of Day,2018-02-15 04:08:40,ANDROID
HSUSER_RQZSRPKAAWOWY30R,DISCOVER_SINGLES,End of Day,End of Day,2018-02-16 03:38:49,ANDROID
HSUSER_RQZSRPKAAWOWY30R,DISCOVER_SINGLES,Early Mornings,Early Mornings,2018-02-16 14:22:03,ANDROID
HSUSER_RQZSRPKAAWOWY30R,DISCOVER_SINGLES,Sleeping,Sleeping,2018-02-18 07:40:03,ANDROID
HSUSER_RQZSRPKAAWOWY30R,PACK_GROUP,Relationships,Session 21,2018-02-18 16:53:56,ANDROID
HSUSER_RQZSRPKAAWOWY30R,PACK_GROUP,Relationships,Session 22,2018-02-19 14:54:34,ANDROID
HSUSER_RQZSRPKAAWOWY30R,PACK_GROUP,Relationships,Session 23,2018-02-20 14:40:49,ANDROID
HSUSER_RQZSRPKAAWOWY30R,DISCOVER_SINGLES,Sleeping,Sleeping,2018-02-22 07:20:24,ANDROID
HSUSER_RQZSRPKAAWOWY30R,DISCOVER_SINGLES,Sleeping,Sleeping,2018-02-23 08:00:50,ANDROID
HSUSER_RQZSRPKAAWOWY30R,PACK_GROUP,Relationships,Session 24,2018-02-23 21:18:02,ANDROID
HSUSER_RQZSRPKAAWOWY30R,DISCOVER_SINGLES,End of Day,End of Day,2018-02-25 03:01:17,ANDROID
HSUSER_RQZSRPKAAWOWY30R,DISCOVER_SINGLES,Recovery,Recovery,2018-02-26 03:17:28,ANDROID
HSUSER_RQZSRPKAAWOWY30R,DISCOVER_SINGLES,End of Day,End of Day,2018-02-27 04:36:29,ANDROID
HSUSER_RQZSRPKAAWOWY30R,DISCOVER_SINGLES,Sleeping,Sleeping,2018-02-28 05:15:32,ANDROID
HSUSER_RQZSRPKAAWOWY30R,PACK_GROUP,Relationships,Session 25,2018-02-28 14:49:49,ANDROID
HSUSER_RQZSRPKAAWOWY30R,DISCOVER_SINGLES,Sleeping,Sleeping,2018-03-02 05:26:07,ANDROID
HSUSER_RQZSRPKAAWOWY30R,PACK_GROUP,Relationships,Session 26,2018-03-02 14:33:07,ANDROID
HSUSER_RQZSRPKAAWOWY30R,DISCOVER_SINGLES,Sleeping,Sleeping,2018-03-04 05:53:05,ANDROID
HSUSER_RQZSRPKAAWOWY30R,DISCOVER_SINGLES,Recovery,Recovery,2018-03-05 02:52:36,ANDROID
HSUSER_RQZSRPKAAWOWY30R,DISCOVER_SINGLES,Sleeping,Sleeping,2018-03-06 05:18:54,ANDROID
HSUSER_RQZSRPKAAWOWY30R,DISCOVER_SINGLES,Sleeping,Sleeping,2018-03-07 05:21:47,ANDROID
HSUSER_RQZSRPKAAWOWY30R,PACK_GROUP,Relationships,Session 27,2018-03-07 14:35:54,ANDROID
HSUSER_RQZSRPKAAWOWY30R,PACK_GROUP,Relationships,Session 28,2018-03-08 14:32:15,ANDROID
HSUSER_RQZSRPKAAWOWY30R,PACK_GROUP,Relationships,Session 29,2018-03-09 14:56:12,ANDROID
HSUSER_RQZSRPKAAWOWY30R,MINIS,Unwind,Unwind,2018-03-11 05:55:13,ANDROID
HSUSER_RQZSRPKAAWOWY30R,DISCOVER_SINGLES,Sleeping,Sleeping,2018-03-12 03:49:02,ANDROID
HSUSER_RQZSRPKAAWOWY30R,DISCOVER_SINGLES,Recovery,Recovery,2018-03-13 02:56:35,ANDROID
HSUSER_RQZSRPKAAWOWY30R,PACK_GROUP,Relationships,Session 30,2018-03-14 01:55:00,ANDROID
HSUSER_RQZSRPKAAWOWY30R,DISCOVER_SINGLES,Parks & Nature,Parks & Nature,2018-03-15 00:54:45,ANDROID
HSUSER_RQZSRPKAAWOWY30R,DISCOVER_SINGLES,End of Day,End of Day,2018-03-16 03:36:41,ANDROID
HSUSER_RQZSRPKAAWOWY30R,PACK_GROUP,Distractions,Session 2,2018-03-16 13:35:27,ANDROID
HSUSER_RQZSRPKAAWOWY30R,DISCOVER_SINGLES,In Your Home,In Your Home,2018-03-18 01:23:41,ANDROID
HSUSER_RQZSRPKAAWOWY30R,DISCOVER_SINGLES,End of Day,End of Day,2018-03-18 01:28:58,ANDROID
HSUSER_RQZSRPKAAWOWY30R,DISCOVER_SINGLES,Recovery,Recovery,2018-03-18 21:34:14,ANDROID
HSUSER_RQZSRPKAAWOWY30R,DISCOVER_SINGLES,Sleeping,Sleeping,2018-03-20 04:34:55,ANDROID
HSUSER_RQZSRPKAAWOWY30R,DISCOVER_SINGLES,Presentations,Presentations,2018-03-20 13:34:46,ANDROID
HSUSER_RQZSRPKAAWOWY30R,DISCOVER_SINGLES,Presentations,Presentations,2018-03-21 14:02:17,ANDROID
HSUSER_RQZSRPKAAWOWY30R,DISCOVER_SINGLES,Sleeping,Sleeping,2018-03-23 04:08:54,ANDROID
HSUSER_RQZSRPKAAWOWY30R,DISCOVER_SINGLES,Motivation,Motivation,2018-03-23 12:58:05,ANDROID
HSUSER_RQZSRPKAAWOWY30R,DISCOVER_SINGLES,End of Day,End of Day,2018-03-25 02:13:10,ANDROID
HSUSER_RQZSRPKAAWOWY30R,DISCOVER_SINGLES,End of Day,End of Day,2018-03-26 04:24:45,ANDROID
HSUSER_RQZSRPKAAWOWY30R,DISCOVER_SINGLES,Recovery,Recovery,2018-03-26 19:29:38,ANDROID
HSUSER_RQZSRPKAAWOWY30R,DISCOVER_SINGLES,Recovery,Recovery,2018-03-28 00:59:15,ANDROID
HSUSER_RQZSRPKAAWOWY30R,DISCOVER_SINGLES,Sleeping,Sleeping,2018-03-29 04:21:10,ANDROID
HSUSER_RQZSRPKAAWOWY30R,PACK_GROUP,Distractions,Session 3,2018-03-30 02:58:19,ANDROID
HSUSER_RQZSRPKAAWOWY30R,PACK_GROUP,Distractions,Session 4,2018-03-30 12:22:14,ANDROID
HSUSER_RQZSRPKAAWOWY30R,PACK_GROUP,Distractions,Session 5,2018-03-31 15:49:03,ANDROID
HSUSER_RQZSRPKAAWOWY30R,EVERYDAY_HEADSPACE,Everyday Headspace,Apr 2,2018-04-02 03:19:52,ANDROID
HSUSER_RQZSRPKAAWOWY30R,DISCOVER_SINGLES,End of Day,End of Day,2018-04-02 03:25:24,ANDROID
HSUSER_RQZSRPKAAWOWY30R,EVERYDAY_HEADSPACE,Everyday Headspace,Apr 3,2018-04-03 03:39:12,ANDROID
HSUSER_RQZSRPKAAWOWY30R,PACK_GROUP,Distractions,Session 6,2018-04-03 13:44:02,ANDROID
HSUSER_RQZSRPKAAWOWY30R,EVERYDAY_HEADSPACE,Everyday Headspace,Apr 5,2018-04-05 05:07:54,ANDROID
HSUSER_RQZSRPKAAWOWY30R,EVERYDAY_HEADSPACE,Everyday Headspace,Apr 6,2018-04-06 05:21:54,ANDROID
HSUSER_RQZSRPKAAWOWY30R,PACK_GROUP,Distractions,Session 7,2018-04-07 01:29:17,ANDROID
HSUSER_RQZSRPKAAWOWY30R,DISCOVER_SINGLES,Sleeping,Sleeping,2018-04-07 04:56:23,ANDROID
HSUSER_RQZSRPKAAWOWY30R,EVERYDAY_HEADSPACE,Everyday Headspace,Apr 7,2018-04-07 23:54:46,ANDROID
HSUSER_RQZSRPKAAWOWY30R,EVERYDAY_HEADSPACE,Everyday Headspace,Apr 7,2018-04-07 23:56:11,ANDROID
HSUSER_RQZSRPKAAWOWY30R,DISCOVER_SINGLES,Recovery,Recovery,2018-04-08 21:52:54,ANDROID
HSUSER_RQZSRPKAAWOWY30R,EVERYDAY_HEADSPACE,Everyday Headspace,Apr 9,2018-04-09 13:47:41,ANDROID
HSUSER_RQZSRPKAAWOWY30R,DISCOVER_SINGLES,Sleeping,Sleeping,2018-04-10 04:35:57,ANDROID
HSUSER_RQZSRPKAAWOWY30R,EVERYDAY_HEADSPACE,Everyday Headspace,Apr 10,2018-04-10 14:11:56,ANDROID
HSUSER_RQZSRPKAAWOWY30R,PACK_GROUP,Distractions,Session 8,2018-04-11 12:56:23,ANDROID
HSUSER_RQZSRPKAAWOWY30R,EVERYDAY_HEADSPACE,Everyday Headspace,Apr 12,2018-04-12 13:59:17,ANDROID
HSUSER_RQZSRPKAAWOWY30R,DISCOVER_SINGLES,Sleeping,Sleeping,2018-04-14 03:11:02,ANDROID
HSUSER_RQZSRPKAAWOWY30R,DISCOVER_SINGLES,Recovery,Recovery,2018-04-15 01:43:39,ANDROID
HSUSER_RQZSRPKAAWOWY30R,DISCOVER_SINGLES,Recovery,Recovery,2018-04-15 14:53:33,ANDROID
HSUSER_RQZSRPKAAWOWY30R,EVERYDAY_HEADSPACE,Everyday Headspace,Apr 16,2018-04-16 22:38:31,ANDROID
HSUSER_RQZSRPKAAWOWY30R,PACK_GROUP,Distractions,Session 9,2018-04-17 13:37:07,ANDROID
HSUSER_RQZSRPKAAWOWY30R,EVERYDAY_HEADSPACE,Everyday Headspace,Apr 19,2018-04-19 00:35:06,ANDROID
HSUSER_RQZSRPKAAWOWY30R,DISCOVER_SINGLES,Sleeping,Sleeping,2018-04-19 04:29:35,ANDROID
HSUSER_RQZSRPKAAWOWY30R,DISCOVER_SINGLES,Sleeping,Sleeping,2018-04-20 04:31:37,ANDROID
HSUSER_RQZSRPKAAWOWY30R,EVERYDAY_HEADSPACE,Everyday Headspace,Apr 20,2018-04-20 19:57:08,ANDROID
HSUSER_RQZSRPKAAWOWY30R,DISCOVER_SINGLES,For the Weekend,For the Weekend,2018-04-21 16:28:52,ANDROID
HSUSER_RQZSRPKAAWOWY30R,EVERYDAY_HEADSPACE,Everyday Headspace,Apr 23,2018-04-23 00:33:04,ANDROID
HSUSER_RQZSRPKAAWOWY30R,DISCOVER_SINGLES,Sleeping,Sleeping,2018-04-24 04:27:47,ANDROID
HSUSER_RQZSRPKAAWOWY30R,DISCOVER_SINGLES,Sleeping,Sleeping,2018-04-25 04:08:10,ANDROID
HSUSER_RQZSRPKAAWOWY30R,DISCOVER_SINGLES,Sleeping,Sleeping,2018-04-26 04:22:15,ANDROID
HSUSER_RQZSRPKAAWOWY30R,EVERYDAY_HEADSPACE,Everyday Headspace,Apr 26,2018-04-26 12:23:19,ANDROID
HSUSER_RQZSRPKAAWOWY30R,MINIS,Refresh,Refresh,2018-04-26 23:47:55,ANDROID
HSUSER_RQZSRPKAAWOWY30R,DISCOVER_SINGLES,Interviews,Interviews,2018-04-28 03:01:46,ANDROID
HSUSER_RQZSRPKAAWOWY30R,DISCOVER_SINGLES,Recovery,Recovery,2018-04-29 00:39:12,ANDROID
HSUSER_RQZSRPKAAWOWY30R,DISCOVER_SINGLES,Recovery,Recovery,2018-04-30 02:16:30,ANDROID
HSUSER_RQZSRPKAAWOWY30R,PACK_GROUP,Distractions,Session 10,2018-04-30 12:49:32,ANDROID
HSUSER_RQZSRPKAAWOWY30R,EVERYDAY_HEADSPACE,Everyday Headspace,May 2,2018-05-02 03:24:56,ANDROID
HSUSER_RQZSRPKAAWOWY30R,PACK_GROUP,Prioritization,Session 1,2018-05-02 14:17:37,ANDROID
HSUSER_RQZSRPKAAWOWY30R,EVERYDAY_HEADSPACE,Everyday Headspace,May 3,2018-05-03 23:59:24,ANDROID
HSUSER_RQZSRPKAAWOWY30R,EVERYDAY_HEADSPACE,Everyday Headspace,May 5,2018-05-05 03:01:04,ANDROID
HSUSER_RQZSRPKAAWOWY30R,DISCOVER_SINGLES,Vacation,Vacation,2018-05-05 13:44:51,ANDROID
HSUSER_RQZSRPKAAWOWY30R,EVERYDAY_HEADSPACE,Everyday Headspace,May 7,2018-05-07 04:04:20,ANDROID
HSUSER_RQZSRPKAAWOWY30R,PACK_GROUP,Prioritization,Session 2,2018-05-07 13:34:33,ANDROID
HSUSER_RQZSRPKAAWOWY30R,DISCOVER_SINGLES,Fear of Flying,Fear of Flying,2018-05-09 02:01:18,ANDROID
HSUSER_RQZSRPKAAWOWY30R,EVERYDAY_HEADSPACE,Everyday Headspace,May 9,2018-05-09 15:28:06,ANDROID
HSUSER_RQZSRPKAAWOWY30R,DISCOVER_SINGLES,Sleeping,Sleeping,2018-05-11 07:18:45,ANDROID
HSUSER_RQZSRPKAAWOWY30R,DISCOVER_SINGLES,Sleeping,Sleeping,2018-05-12 06:24:14,ANDROID
HSUSER_RQZSRPKAAWOWY30R,DISCOVER_SINGLES,Sleeping,Sleeping,2018-05-13 06:30:31,ANDROID
HSUSER_RQZSRPKAAWOWY30R,DISCOVER_SINGLES,Sleeping,Sleeping,2018-05-14 03:48:53,ANDROID
HSUSER_RQZSRPKAAWOWY30R,DISCOVER_SINGLES,Recovery,Recovery,2018-05-15 03:13:31,ANDROID
HSUSER_RQZSRPKAAWOWY30R,DISCOVER_SINGLES,Losing Your Temper,Losing Your Temper,2018-05-16 04:23:26,ANDROID
HSUSER_RQZSRPKAAWOWY30R,EVERYDAY_HEADSPACE,Everyday Headspace,May 17,2018-05-17 03:52:51,ANDROID
HSUSER_RQZSRPKAAWOWY30R,PACK_GROUP,Prioritization,Session 3,2018-05-17 12:43:37,ANDROID
HSUSER_RQZSRPKAAWOWY30R,DISCOVER_SINGLES,Waking Up,Waking Up,2018-05-18 12:33:53,ANDROID
HSUSER_RQZSRPKAAWOWY30R,DISCOVER_SINGLES,Frustrated,Frustrated,2018-05-20 04:45:12,DESKTOP
HSUSER_RQZSRPKAAWOWY30R,DISCOVER_SINGLES,Frustrated,Frustrated,2018-05-20 15:25:34,DESKTOP
HSUSER_RQZSRPKAAWOWY30R,PACK_GROUP,Prioritization,Session 4,2018-05-21 13:08:17,DESKTOP
HSUSER_RQZSRPKAAWOWY30R,DISCOVER_SINGLES,Under the Weather,Under the Weather,2018-05-22 15:31:51,DESKTOP
HSUSER_RQZSRPKAAWOWY30R,EVERYDAY_HEADSPACE,Everyday Headspace,May 23,2018-05-23 11:25:17,DESKTOP
HSUSER_RQZSRPKAAWOWY30R,DISCOVER_SINGLES,Under the Weather,Under the Weather,2018-05-24 15:04:59,DESKTOP
HSUSER_RQZSRPKAAWOWY30R,DISCOVER_SINGLES,Sleeping,Sleeping,2018-05-25 03:50:27,DESKTOP
HSUSER_RQZSRPKAAWOWY30R,DISCOVER_SINGLES,For the Weekend,For the Weekend,2018-05-26 03:44:46,IOS
HSUSER_RQZSRPKAAWOWY30R,DISCOVER_SINGLES,For the Weekend,For the Weekend,2018-05-26 20:23:55,IOS
HSUSER_RQZSRPKAAWOWY30R,DISCOVER_SINGLES,For the Weekend,For the Weekend,2018-05-27 20:33:04,IOS
HSUSER_RQZSRPKAAWOWY30R,EVERYDAY_HEADSPACE,Everyday Headspace,May 29,2018-05-29 03:04:48,DESKTOP
HSUSER_RQZSRPKAAWOWY30R,EVERYDAY_HEADSPACE,Everyday Headspace,May 30,2018-05-30 05:27:59,DESKTOP
HSUSER_RQZSRPKAAWOWY30R,PACK_GROUP,Prioritization,Session 5,2018-05-30 14:06:51,DESKTOP
HSUSER_RQZSRPKAAWOWY30R,DISCOVER_SINGLES,Sleeping,Sleeping,2018-06-01 04:26:40,DESKTOP
HSUSER_RQZSRPKAAWOWY30R,PACK_GROUP,Prioritization,Session 6,2018-06-01 13:21:44,DESKTOP
HSUSER_RQZSRPKAAWOWY30R,EVERYDAY_HEADSPACE,Everyday Headspace,Jun 2,2018-06-02 16:17:32,ANDROID
HSUSER_RQZSRPKAAWOWY30R,EVERYDAY_HEADSPACE,Everyday Headspace,Jun 4,2018-06-04 03:03:01,ANDROID
HSUSER_RQZSRPKAAWOWY30R,DISCOVER_SINGLES,Sleeping,Sleeping,2018-06-05 04:37:52,ANDROID
HSUSER_RQZSRPKAAWOWY30R,DISCOVER_SINGLES,Frustrated,Frustrated,2018-06-05 15:05:24,ANDROID
HSUSER_RQZSRPKAAWOWY30R,EVERYDAY_HEADSPACE,Everyday Headspace,Jun 7,2018-06-07 03:49:06,ANDROID
HSUSER_RQZSRPKAAWOWY30R,DISCOVER_SINGLES,Sleeping,Sleeping,2018-06-08 04:57:47,ANDROID
HSUSER_RQZSRPKAAWOWY30R,MINIS,Unwind,Unwind,2018-06-09 04:59:13,ANDROID
HSUSER_RQZSRPKAAWOWY30R,EVERYDAY_HEADSPACE,Everyday Headspace,Jun 9,2018-06-09 17:05:34,ANDROID
HSUSER_RQZSRPKAAWOWY30R,DISCOVER_SINGLES,For the Weekend,For the Weekend,2018-06-10 16:49:21,ANDROID
HSUSER_RQZSRPKAAWOWY30R,DISCOVER_SINGLES,Falling Back to Sleep,Falling Back to Sleep,2018-06-11 08:34:17,ANDROID
HSUSER_RQZSRPKAAWOWY30R,DISCOVER_SINGLES,Sleeping,Sleeping,2018-06-12 03:59:23,ANDROID
HSUSER_RQZSRPKAAWOWY30R,PACK_GROUP,Prioritization,Session 7,2018-06-12 12:20:26,ANDROID
HSUSER_RQZSRPKAAWOWY30R,DISCOVER_SINGLES,Waking Up,Waking Up,2018-06-13 12:11:11,ANDROID
HSUSER_RQZSRPKAAWOWY30R,DISCOVER_SINGLES,Sleeping,Sleeping,2018-06-15 04:05:07,ANDROID
HSUSER_RQZSRPKAAWOWY30R,EVERYDAY_HEADSPACE,Everyday Headspace,Jun 16,2018-06-16 01:46:15,ANDROID
HSUSER_RQZSRPKAAWOWY30R,DISCOVER_SINGLES,For the Weekend,For the Weekend,2018-06-16 16:33:47,ANDROID
HSUSER_RQZSRPKAAWOWY30R,DISCOVER_SINGLES,Reset,Reset,2018-06-17 16:20:49,ANDROID
HSUSER_RQZSRPKAAWOWY30R,PACK_GROUP,Prioritization,Session 8,2018-06-18 12:09:28,ANDROID
HSUSER_RQZSRPKAAWOWY30R,DISCOVER_SINGLES,Sleeping,Sleeping,2018-06-20 04:42:38,ANDROID
HSUSER_RQZSRPKAAWOWY30R,EVERYDAY_HEADSPACE,Everyday Headspace,Jun 20,2018-06-20 22:14:24,ANDROID
HSUSER_RQZSRPKAAWOWY30R,DISCOVER_SINGLES,Commuting,Commuting,2018-06-20 22:26:18,ANDROID
HSUSER_RQZSRPKAAWOWY30R,PACK_GROUP,Prioritization,Session 9,2018-06-21 13:45:00,ANDROID
HSUSER_RQZSRPKAAWOWY30R,EVERYDAY_HEADSPACE,Everyday Headspace,Jun 23,2018-06-23 00:43:36,ANDROID
HSUSER_RQZSRPKAAWOWY30R,EVERYDAY_HEADSPACE,Everyday Headspace,Jun 24,2018-06-24 04:46:51,ANDROID
HSUSER_RQZSRPKAAWOWY30R,DISCOVER_SINGLES,Sleeping,Sleeping,2018-06-25 03:26:38,ANDROID
HSUSER_RQZSRPKAAWOWY30R,DISCOVER_SINGLES,Sleeping,Sleeping,2018-06-26 03:27:27,ANDROID
HSUSER_RQZSRPKAAWOWY30R,PACK_GROUP,Prioritization,Session 10,2018-06-26 15:43:46,ANDROID
HSUSER_RQZSRPKAAWOWY30R,DISCOVER_SINGLES,Waking Up,Waking Up,2018-06-27 12:11:02,ANDROID
HSUSER_RQZSRPKAAWOWY30R,EVERYDAY_HEADSPACE,Everyday Headspace,Jun 28,2018-06-28 20:40:28,ANDROID
HSUSER_RQZSRPKAAWOWY30R,EVERYDAY_HEADSPACE,Everyday Headspace,Jun 29,2018-06-29 22:30:42,ANDROID
HSUSER_RQZSRPKAAWOWY30R,EVERYDAY_HEADSPACE,Everyday Headspace,Jul 1,2018-07-01 01:37:21,ANDROID
HSUSER_RQZSRPKAAWOWY30R,PACK_GROUP,Sadness,Session 1,2018-07-01 23:53:00,ANDROID
HSUSER_RQZSRPKAAWOWY30R,PACK_GROUP,Sadness,Session 2,2018-07-02 20:44:03,ANDROID
HSUSER_RQZSRPKAAWOWY30R,DISCOVER_SINGLES,Sleeping,Sleeping,2018-07-04 04:22:42,ANDROID
HSUSER_RQZSRPKAAWOWY30R,PACK_GROUP,Sadness,Session 3,2018-07-04 13:40:32,ANDROID
HSUSER_RQZSRPKAAWOWY30R,PACK_GROUP,Sadness,Session 4,2018-07-05 14:38:38,ANDROID
HSUSER_RQZSRPKAAWOWY30R,DISCOVER_SINGLES,End of Day,End of Day,2018-07-07 03:44:22,ANDROID
HSUSER_RQZSRPKAAWOWY30R,PACK_GROUP,Sadness,Session 5,2018-07-07 16:05:07,ANDROID
HSUSER_RQZSRPKAAWOWY30R,DISCOVER_SINGLES,Vacation,Vacation,2018-07-08 18:24:52,ANDROID
HSUSER_RQZSRPKAAWOWY30R,DISCOVER_SINGLES,Vacation,Vacation,2018-07-08 18:24:52,ANDROID
HSUSER_RQZSRPKAAWOWY30R,DISCOVER_SINGLES,Vacation,Vacation,2018-07-08 18:24:52,ANDROID
HSUSER_RQZSRPKAAWOWY30R,DISCOVER_SINGLES,Vacation,Vacation,2018-07-08 18:26:17,ANDROID
HSUSER_RQZSRPKAAWOWY30R,DISCOVER_SINGLES,Vacation,Vacation,2018-07-08 18:26:17,ANDROID
HSUSER_RQZSRPKAAWOWY30R,DISCOVER_SINGLES,Vacation,Vacation,2018-07-08 18:26:17,ANDROID
HSUSER_RQZSRPKAAWOWY30R,PACK_GROUP,Sadness,Session 6,2018-07-09 15:54:47,ANDROID
HSUSER_RQZSRPKAAWOWY30R,PACK_GROUP,Sadness,Session 6,2018-07-09 15:54:47,ANDROID
HSUSER_RQZSRPKAAWOWY30R,PACK_GROUP,Sadness,Session 6,2018-07-09 15:54:47,ANDROID
HSUSER_RQZSRPKAAWOWY30R,DISCOVER_SINGLES,End of Day,End of Day,2018-07-10 17:05:07,ANDROID
HSUSER_RQZSRPKAAWOWY30R,DISCOVER_SINGLES,End of Day,End of Day,2018-07-10 17:05:07,ANDROID
HSUSER_RQZSRPKAAWOWY30R,DISCOVER_SINGLES,End of Day,End of Day,2018-07-10 17:05:07,ANDROID
HSUSER_RQZSRPKAAWOWY30R,DISCOVER_SINGLES,End of Day,End of Day,2018-07-10 17:05:07,ANDROID
HSUSER_RQZSRPKAAWOWY30R,DISCOVER_SINGLES,End of Day,End of Day,2018-07-10 17:05:07,ANDROID
HSUSER_RQZSRPKAAWOWY30R,DISCOVER_SINGLES,End of Day,End of Day,2018-07-10 17:05:07,ANDROID
HSUSER_RQZSRPKAAWOWY30R,DISCOVER_SINGLES,End of Day,End of Day,2018-07-10 17:05:07,ANDROID
HSUSER_RQZSRPKAAWOWY30R,DISCOVER_SINGLES,End of Day,End of Day,2018-07-10 17:05:07,ANDROID
HSUSER_RQZSRPKAAWOWY30R,DISCOVER_SINGLES,End of Day,End of Day,2018-07-10 17:05:07,ANDROID
HSUSER_RQZSRPKAAWOWY30R,DISCOVER_SINGLES,End of Day,End of Day,2018-07-10 17:05:07,ANDROID
HSUSER_RQZSRPKAAWOWY30R,DISCOVER_SINGLES,End of Day,End of Day,2018-07-10 17:05:07,ANDROID
HSUSER_RQZSRPKAAWOWY30R,DISCOVER_SINGLES,End of Day,End of Day,2018-07-10 17:05:07,ANDROID
HSUSER_RQZSRPKAAWOWY30R,DISCOVER_SINGLES,End of Day,End of Day,2018-07-10 17:05:07,ANDROID
HSUSER_RQZSRPKAAWOWY30R,DISCOVER_SINGLES,End of Day,End of Day,2018-07-10 17:05:07,ANDROID
HSUSER_RQZSRPKAAWOWY30R,DISCOVER_SINGLES,End of Day,End of Day,2018-07-10 17:05:07,ANDROID
HSUSER_RQZSRPKAAWOWY30R,DISCOVER_SINGLES,End of Day,End of Day,2018-07-10 17:05:07,ANDROID
HSUSER_RQZSRPKAAWOWY30R,DISCOVER_SINGLES,End of Day,End of Day,2018-07-10 17:05:07,ANDROID
HSUSER_RQZSRPKAAWOWY30R,DISCOVER_SINGLES,End of Day,End of Day,2018-07-10 17:05:07,ANDROID
HSUSER_RQZSRPKAAWOWY30R,DISCOVER_SINGLES,End of Day,End of Day,2018-07-10 17:05:07,ANDROID
HSUSER_RQZSRPKAAWOWY30R,DISCOVER_SINGLES,End of Day,End of Day,2018-07-10 17:05:07,ANDROID
HSUSER_RQZSRPKAAWOWY30R,DISCOVER_SINGLES,End of Day,End of Day,2018-07-10 17:05:07,ANDROID
HSUSER_RQZSRPKAAWOWY30R,DISCOVER_SINGLES,End of Day,End of Day,2018-07-10 17:05:07,ANDROID
HSUSER_RQZSRPKAAWOWY30R,DISCOVER_SINGLES,End of Day,End of Day,2018-07-10 17:05:07,ANDROID
HSUSER_RQZSRPKAAWOWY30R,DISCOVER_SINGLES,End of Day,End of Day,2018-07-10 17:05:07,ANDROID
HSUSER_RQZSRPKAAWOWY30R,DISCOVER_SINGLES,End of Day,End of Day,2018-07-10 17:05:07,ANDROID
HSUSER_RQZSRPKAAWOWY30R,DISCOVER_SINGLES,End of Day,End of Day,2018-07-10 17:05:07,ANDROID
HSUSER_RQZSRPKAAWOWY30R,DISCOVER_SINGLES,End of Day,End of Day,2018-07-10 17:05:07,ANDROID
HSUSER_RQZSRPKAAWOWY30R,DISCOVER_SINGLES,End of Day,End of Day,2018-07-10 17:05:07,ANDROID
HSUSER_RQZSRPKAAWOWY30R,DISCOVER_SINGLES,End of Day,End of Day,2018-07-10 17:05:07,ANDROID
HSUSER_RQZSRPKAAWOWY30R,DISCOVER_SINGLES,End of Day,End of Day,2018-07-11 14:59:42,ANDROID
HSUSER_RQZSRPKAAWOWY30R,DISCOVER_SINGLES,End of Day,End of Day,2018-07-11 14:59:42,ANDROID
HSUSER_RQZSRPKAAWOWY30R,DISCOVER_SINGLES,End of Day,End of Day,2018-07-11 14:59:42,ANDROID
HSUSER_RQZSRPKAAWOWY30R,DISCOVER_SINGLES,End of Day,End of Day,2018-07-11 14:59:42,ANDROID
HSUSER_RQZSRPKAAWOWY30R,DISCOVER_SINGLES,End of Day,End of Day,2018-07-11 14:59:42,ANDROID
HSUSER_RQZSRPKAAWOWY30R,DISCOVER_SINGLES,End of Day,End of Day,2018-07-11 14:59:42,ANDROID
HSUSER_RQZSRPKAAWOWY30R,DISCOVER_SINGLES,End of Day,End of Day,2018-07-11 14:59:42,ANDROID
HSUSER_RQZSRPKAAWOWY30R,DISCOVER_SINGLES,End of Day,End of Day,2018-07-11 14:59:42,ANDROID
HSUSER_RQZSRPKAAWOWY30R,DISCOVER_SINGLES,End of Day,End of Day,2018-07-11 14:59:42,ANDROID
HSUSER_RQZSRPKAAWOWY30R,DISCOVER_SINGLES,End of Day,End of Day,2018-07-11 14:59:42,ANDROID
HSUSER_RQZSRPKAAWOWY30R,DISCOVER_SINGLES,End of Day,End of Day,2018-07-11 14:59:42,ANDROID
HSUSER_RQZSRPKAAWOWY30R,DISCOVER_SINGLES,End of Day,End of Day,2018-07-11 14:59:42,ANDROID
HSUSER_RQZSRPKAAWOWY30R,DISCOVER_SINGLES,End of Day,End of Day,2018-07-11 14:59:42,ANDROID
HSUSER_RQZSRPKAAWOWY30R,DISCOVER_SINGLES,End of Day,End of Day,2018-07-11 14:59:42,ANDROID
HSUSER_RQZSRPKAAWOWY30R,DISCOVER_SINGLES,End of Day,End of Day,2018-07-11 14:59:42,ANDROID
HSUSER_RQZSRPKAAWOWY30R,DISCOVER_SINGLES,End of Day,End of Day,2018-07-11 14:59:42,ANDROID
HSUSER_RQZSRPKAAWOWY30R,DISCOVER_SINGLES,End of Day,End of Day,2018-07-11 14:59:42,ANDROID
HSUSER_RQZSRPKAAWOWY30R,DISCOVER_SINGLES,End of Day,End of Day,2018-07-11 14:59:42,ANDROID
HSUSER_RQZSRPKAAWOWY30R,DISCOVER_SINGLES,End of Day,End of Day,2018-07-11 14:59:42,ANDROID
HSUSER_RQZSRPKAAWOWY30R,DISCOVER_SINGLES,End of Day,End of Day,2018-07-11 14:59:42,ANDROID
HSUSER_RQZSRPKAAWOWY30R,DISCOVER_SINGLES,End of Day,End of Day,2018-07-11 14:59:42,ANDROID
HSUSER_RQZSRPKAAWOWY30R,DISCOVER_SINGLES,End of Day,End of Day,2018-07-11 14:59:42,ANDROID
HSUSER_RQZSRPKAAWOWY30R,DISCOVER_SINGLES,End of Day,End of Day,2018-07-11 14:59:42,ANDROID
HSUSER_RQZSRPKAAWOWY30R,DISCOVER_SINGLES,End of Day,End of Day,2018-07-11 14:59:42,ANDROID
HSUSER_RQZSRPKAAWOWY30R,DISCOVER_SINGLES,End of Day,End of Day,2018-07-11 14:59:42,ANDROID
HSUSER_RQZSRPKAAWOWY30R,DISCOVER_SINGLES,End of Day,End of Day,2018-07-11 14:59:42,ANDROID
HSUSER_RQZSRPKAAWOWY30R,DISCOVER_SINGLES,End of Day,End of Day,2018-07-11 14:59:42,ANDROID
HSUSER_RQZSRPKAAWOWY30R,DISCOVER_SINGLES,Vacation,Vacation,2018-07-12 13:24:22,ANDROID
HSUSER_RQZSRPKAAWOWY30R,DISCOVER_SINGLES,Vacation,Vacation,2018-07-12 13:24:22,ANDROID
HSUSER_RQZSRPKAAWOWY30R,DISCOVER_SINGLES,Vacation,Vacation,2018-07-12 13:24:22,ANDROID
HSUSER_RQZSRPKAAWOWY30R,DISCOVER_SINGLES,Vacation,Vacation,2018-07-12 13:24:22,ANDROID
HSUSER_RQZSRPKAAWOWY30R,DISCOVER_SINGLES,Vacation,Vacation,2018-07-12 13:24:22,ANDROID
HSUSER_RQZSRPKAAWOWY30R,DISCOVER_SINGLES,Vacation,Vacation,2018-07-12 13:24:22,ANDROID
HSUSER_RQZSRPKAAWOWY30R,DISCOVER_SINGLES,Vacation,Vacation,2018-07-12 13:24:22,ANDROID
HSUSER_RQZSRPKAAWOWY30R,DISCOVER_SINGLES,Vacation,Vacation,2018-07-12 13:24:22,ANDROID
HSUSER_RQZSRPKAAWOWY30R,DISCOVER_SINGLES,Vacation,Vacation,2018-07-12 13:24:22,ANDROID
HSUSER_RQZSRPKAAWOWY30R,DISCOVER_SINGLES,Vacation,Vacation,2018-07-12 13:24:22,ANDROID
HSUSER_RQZSRPKAAWOWY30R,DISCOVER_SINGLES,Vacation,Vacation,2018-07-12 13:24:22,ANDROID
HSUSER_RQZSRPKAAWOWY30R,DISCOVER_SINGLES,Vacation,Vacation,2018-07-12 13:24:22,ANDROID
HSUSER_RQZSRPKAAWOWY30R,DISCOVER_SINGLES,Vacation,Vacation,2018-07-12 13:24:22,ANDROID
HSUSER_RQZSRPKAAWOWY30R,DISCOVER_SINGLES,Vacation,Vacation,2018-07-12 13:24:22,ANDROID
HSUSER_RQZSRPKAAWOWY30R,DISCOVER_SINGLES,Vacation,Vacation,2018-07-12 13:24:22,ANDROID
HSUSER_RQZSRPKAAWOWY30R,DISCOVER_SINGLES,Vacation,Vacation,2018-07-12 13:24:22,ANDROID
HSUSER_RQZSRPKAAWOWY30R,DISCOVER_SINGLES,Vacation,Vacation,2018-07-12 13:24:22,ANDROID
HSUSER_RQZSRPKAAWOWY30R,DISCOVER_SINGLES,Vacation,Vacation,2018-07-12 13:24:22,ANDROID
HSUSER_RQZSRPKAAWOWY30R,DISCOVER_SINGLES,Vacation,Vacation,2018-07-12 13:24:22,ANDROID
HSUSER_RQZSRPKAAWOWY30R,DISCOVER_SINGLES,Vacation,Vacation,2018-07-12 13:24:22,ANDROID
HSUSER_RQZSRPKAAWOWY30R,DISCOVER_SINGLES,Vacation,Vacation,2018-07-12 13:24:22,ANDROID
HSUSER_RQZSRPKAAWOWY30R,DISCOVER_SINGLES,Vacation,Vacation,2018-07-12 13:24:22,ANDROID
HSUSER_RQZSRPKAAWOWY30R,DISCOVER_SINGLES,Vacation,Vacation,2018-07-12 13:24:22,ANDROID
HSUSER_RQZSRPKAAWOWY30R,DISCOVER_SINGLES,End of Day,End of Day,2018-07-13 15:25:12,ANDROID
HSUSER_RQZSRPKAAWOWY30R,DISCOVER_SINGLES,End of Day,End of Day,2018-07-13 15:25:12,ANDROID
HSUSER_RQZSRPKAAWOWY30R,DISCOVER_SINGLES,End of Day,End of Day,2018-07-13 15:25:12,ANDROID
HSUSER_RQZSRPKAAWOWY30R,DISCOVER_SINGLES,End of Day,End of Day,2018-07-13 15:25:12,ANDROID
HSUSER_RQZSRPKAAWOWY30R,DISCOVER_SINGLES,End of Day,End of Day,2018-07-13 15:25:12,ANDROID
HSUSER_RQZSRPKAAWOWY30R,DISCOVER_SINGLES,End of Day,End of Day,2018-07-13 15:25:12,ANDROID
HSUSER_RQZSRPKAAWOWY30R,DISCOVER_SINGLES,End of Day,End of Day,2018-07-13 15:25:12,ANDROID
HSUSER_RQZSRPKAAWOWY30R,DISCOVER_SINGLES,End of Day,End of Day,2018-07-13 15:25:12,ANDROID
HSUSER_RQZSRPKAAWOWY30R,DISCOVER_SINGLES,End of Day,End of Day,2018-07-13 15:25:12,ANDROID
HSUSER_RQZSRPKAAWOWY30R,DISCOVER_SINGLES,End of Day,End of Day,2018-07-13 15:25:12,ANDROID
HSUSER_RQZSRPKAAWOWY30R,DISCOVER_SINGLES,End of Day,End of Day,2018-07-13 15:25:12,ANDROID
HSUSER_RQZSRPKAAWOWY30R,DISCOVER_SINGLES,End of Day,End of Day,2018-07-13 15:25:12,ANDROID
HSUSER_RQZSRPKAAWOWY30R,DISCOVER_SINGLES,End of Day,End of Day,2018-07-13 15:25:12,ANDROID
HSUSER_RQZSRPKAAWOWY30R,DISCOVER_SINGLES,End of Day,End of Day,2018-07-13 15:25:12,ANDROID
HSUSER_RQZSRPKAAWOWY30R,DISCOVER_SINGLES,End of Day,End of Day,2018-07-13 15:25:12,ANDROID
HSUSER_RQZSRPKAAWOWY30R,DISCOVER_SINGLES,End of Day,End of Day,2018-07-13 15:25:12,ANDROID
HSUSER_RQZSRPKAAWOWY30R,DISCOVER_SINGLES,End of Day,End of Day,2018-07-13 15:25:12,ANDROID
HSUSER_RQZSRPKAAWOWY30R,DISCOVER_SINGLES,End of Day,End of Day,2018-07-13 15:25:12,ANDROID
HSUSER_RQZSRPKAAWOWY30R,DISCOVER_SINGLES,End of Day,End of Day,2018-07-13 15:25:12,ANDROID
HSUSER_RQZSRPKAAWOWY30R,DISCOVER_SINGLES,End of Day,End of Day,2018-07-13 15:25:12,ANDROID
HSUSER_RQZSRPKAAWOWY30R,DISCOVER_SINGLES,End of Day,End of Day,2018-07-13 15:25:12,ANDROID
HSUSER_RQZSRPKAAWOWY30R,DISCOVER_SINGLES,End of Day,End of Day,2018-07-13 15:25:12,ANDROID
HSUSER_RQZSRPKAAWOWY30R,DISCOVER_SINGLES,End of Day,End of Day,2018-07-13 15:25:12,ANDROID
HSUSER_RQZSRPKAAWOWY30R,DISCOVER_SINGLES,Vacation,Vacation,2018-07-14 16:31:10,ANDROID
HSUSER_RQZSRPKAAWOWY30R,DISCOVER_SINGLES,Vacation,Vacation,2018-07-14 16:31:10,ANDROID
HSUSER_RQZSRPKAAWOWY30R,PACK_GROUP,Sadness,Session 7,2018-07-16 19:15:05,ANDROID
HSUSER_RQZSRPKAAWOWY30R,PACK_GROUP,Sadness,Session 7,2018-07-16 19:15:05,ANDROID
HSUSER_RQZSRPKAAWOWY30R,PACK_GROUP,Sadness,Session 7,2018-07-16 19:15:05,ANDROID
HSUSER_RQZSRPKAAWOWY30R,PACK_GROUP,Sadness,Session 7,2018-07-16 19:15:05,ANDROID
HSUSER_RQZSRPKAAWOWY30R,PACK_GROUP,Sadness,Session 7,2018-07-16 19:15:05,ANDROID
HSUSER_RQZSRPKAAWOWY30R,PACK_GROUP,Sadness,Session 7,2018-07-16 19:15:05,ANDROID
HSUSER_RQZSRPKAAWOWY30R,PACK_GROUP,Sadness,Session 7,2018-07-16 19:15:05,ANDROID
HSUSER_RQZSRPKAAWOWY30R,PACK_GROUP,Sadness,Session 7,2018-07-16 19:15:05,ANDROID
HSUSER_RQZSRPKAAWOWY30R,PACK_GROUP,Sadness,Session 7,2018-07-16 19:15:05,ANDROID
HSUSER_RQZSRPKAAWOWY30R,PACK_GROUP,Sadness,Session 7,2018-07-16 19:15:05,ANDROID
HSUSER_RQZSRPKAAWOWY30R,PACK_GROUP,Sadness,Session 7,2018-07-16 19:15:05,ANDROID
HSUSER_RQZSRPKAAWOWY30R,DISCOVER_SINGLES,End of Day,End of Day,2018-07-17 15:26:12,ANDROID
HSUSER_RQZSRPKAAWOWY30R,DISCOVER_SINGLES,End of Day,End of Day,2018-07-17 15:26:12,ANDROID
HSUSER_RQZSRPKAAWOWY30R,DISCOVER_SINGLES,End of Day,End of Day,2018-07-17 15:26:12,ANDROID
HSUSER_RQZSRPKAAWOWY30R,DISCOVER_SINGLES,End of Day,End of Day,2018-07-17 15:26:12,ANDROID
HSUSER_RQZSRPKAAWOWY30R,DISCOVER_SINGLES,End of Day,End of Day,2018-07-17 15:26:12,ANDROID
HSUSER_RQZSRPKAAWOWY30R,DISCOVER_SINGLES,End of Day,End of Day,2018-07-17 15:26:12,ANDROID
HSUSER_RQZSRPKAAWOWY30R,DISCOVER_SINGLES,End of Day,End of Day,2018-07-17 15:26:12,ANDROID
HSUSER_RQZSRPKAAWOWY30R,DISCOVER_SINGLES,End of Day,End of Day,2018-07-17 15:26:12,ANDROID
HSUSER_RQZSRPKAAWOWY30R,DISCOVER_SINGLES,End of Day,End of Day,2018-07-17 15:26:12,ANDROID
HSUSER_RQZSRPKAAWOWY30R,DISCOVER_SINGLES,End of Day,End of Day,2018-07-17 15:26:12,ANDROID
HSUSER_RQZSRPKAAWOWY30R,DISCOVER_SINGLES,End of Day,End of Day,2018-07-18 16:36:50,ANDROID
HSUSER_RQZSRPKAAWOWY30R,DISCOVER_SINGLES,End of Day,End of Day,2018-07-18 16:36:50,ANDROID
HSUSER_RQZSRPKAAWOWY30R,EVERYDAY_HEADSPACE,Everyday Headspace,Jul 19,2018-07-19 20:01:19,ANDROID
HSUSER_RQZSRPKAAWOWY30R,DISCOVER_SINGLES,Reset,Reset,2018-07-19 20:02:14,ANDROID
HSUSER_RQZSRPKAAWOWY30R,DISCOVER_SINGLES,Reset,Reset,2018-07-19 20:07:08,ANDROID
HSUSER_RQZSRPKAAWOWY30R,DISCOVER_SINGLES,End of Day,End of Day,2018-07-20 20:42:05,ANDROID
HSUSER_RQZSRPKAAWOWY30R,EVERYDAY_HEADSPACE,Everyday Headspace,Jul 21,2018-07-21 15:48:46,ANDROID
HSUSER_RQZSRPKAAWOWY30R,DISCOVER_SINGLES,Reset,Reset,2018-07-23 14:18:43,ANDROID
HSUSER_RQZSRPKAAWOWY30R,PACK_GROUP,Sadness,Session 8,2018-07-24 20:11:24,ANDROID
HSUSER_RQZSRPKAAWOWY30R,PACK_GROUP,Sadness,Session 8,2018-07-24 20:11:24,ANDROID
HSUSER_RQZSRPKAAWOWY30R,PACK_GROUP,Sadness,Session 8,2018-07-24 20:11:24,ANDROID
HSUSER_RQZSRPKAAWOWY30R,DISCOVER_SINGLES,End of Day,End of Day,2018-07-25 17:17:57,ANDROID
HSUSER_RQZSRPKAAWOWY30R,DISCOVER_SINGLES,End of Day,End of Day,2018-07-25 17:17:57,ANDROID
HSUSER_RQZSRPKAAWOWY30R,EVERYDAY_HEADSPACE,Everyday Headspace,Jul 27,2018-07-27 02:44:25,ANDROID
HSUSER_RQZSRPKAAWOWY30R,EVERYDAY_HEADSPACE,Everyday Headspace,Jul 27,2018-07-27 20:09:37,ANDROID
HSUSER_RQZSRPKAAWOWY30R,MINIS,Refresh,Refresh,2018-07-28 13:59:59,ANDROID
HSUSER_RQZSRPKAAWOWY30R,DISCOVER_SINGLES,End of Day,End of Day,2018-07-30 03:58:30,ANDROID
HSUSER_RQZSRPKAAWOWY30R,DISCOVER_SINGLES,Recovery,Recovery,2018-07-31 03:30:42,ANDROID
HSUSER_RQZSRPKAAWOWY30R,DISCOVER_SINGLES,Recovery,Recovery,2018-08-01 02:03:33,ANDROID
HSUSER_RQZSRPKAAWOWY30R,PACK_GROUP,Sadness,Session 9,2018-08-01 14:04:50,ANDROID
HSUSER_RQZSRPKAAWOWY30R,DISCOVER_SINGLES,Eating,Eating,2018-08-03 01:23:15,ANDROID