"filename", "language", "Markdown", "BibTeX", "comment", "blank", "total"
"/Users/yukewang/Desktop/YukeWang96.github.io/_publications/01-fccm-2019.md", "Markdown", 12, 0, 0, 0, 12
"/Users/yukewang/Desktop/YukeWang96.github.io/_publications/02-AccD-2019.md", "Markdown", 11, 0, 0, 0, 11
"/Users/yukewang/Desktop/YukeWang96.github.io/_publications/03-TiAcc-2019.md", "Markdown", 10, 0, 0, 0, 10
"/Users/yukewang/Desktop/YukeWang96.github.io/_publications/04-Geom-2019.md", "Markdown", 10, 0, 0, 0, 10
"/Users/yukewang/Desktop/YukeWang96.github.io/_publications/05-ICML-2020.md", "Markdown", 11, 0, 0, 0, 11
"/Users/yukewang/Desktop/YukeWang96.github.io/_publications/06-GNNAdvisor-2020.md", "Markdown", 11, 0, 0, 0, 11
"/Users/yukewang/Desktop/YukeWang96.github.io/_publications/07-SGQuant-2020.md", "Markdown", 10, 0, 0, 0, 10
"/Users/yukewang/Desktop/YukeWang96.github.io/_publications/08-DSXplore-2021.md", "Markdown", 19, 0, 0, 0, 19
"/Users/yukewang/Desktop/YukeWang96.github.io/_publications/publication.bib", "BibTeX", 0, 66, 0, 10, 76
"Total", "-", 94, 66, 0, 10, 170