Gandalf,Elrond,33
Frodo,Bilbo,114
Blanco,Marcho,146
Frodo,Bilbo,205
Thorin,Gandalf,270
Thorin,Bilbo,270
Gandalf,Bilbo,270
Gollum,Bilbo,286
Gollum,Bilbo,306
Gollum,Bilbo,308
Bilbo,Elrond,317
Frodo,Samwise,319
Gandalf,Bilbo,320
Gollum,Bilbo,324
Frodo,Gandalf,329
Peregrin,Elessar,356
Arwen,Aragorn,358
Barahir,Faramir,359
Bilbo,Findegil,360
Meriadoc,Peregrin,363
Peregrin,Elendil,368
Galadriel,Celeborn,374
Frodo,Bilbo,387
Frodo,Bilbo,388
Frodo,Bilbo,389
Frodo,Bilbo,390
Frodo,Bilbo,393
Frodo,Bilbo,399
Hamfast,Bilbo,402
Gandalf,Bilbo,483
Gandalf,Bilbo,543
Frodo,Gandalf,555
Frodo,Bilbo,555
Gandalf,Bilbo,555
Frodo,Bilbo,562
Gandalf,Bilbo,730
Frodo,Bilbo,808
Frodo,Bilbo,815
Gandalf,Bilbo,843
Frodo,Gandalf,861
Frodo,Bilbo,898
Frodo,Merry,929
Frodo,Merry,930
Frodo,Bilbo,942
Frodo,Bilbo,944
Odo,Frodo,959
Frodo,Bilbo,1038
Meriadoc,Peregrin,1042
Meriadoc,Merry,1042
Meriadoc,Pippin,1042
Meriadoc,Fredegar,1042
Peregrin,Merry,1042
Peregrin,Pippin,1042
Peregrin,Fredegar,1042
Merry,Pippin,1042
Merry,Fredegar,1042
Pippin,Fredegar,1042
Pippin,Merry,1044
Pippin,Bilbo,1044
Merry,Bilbo,1044
Frodo,Gandalf,1056
Sam,Halfast,1089
Frodo,Bilbo,1106
Frodo,Gandalf,1130
Gandalf,Bilbo,1135
Gandalf,Bilbo,1156
Frodo,Gandalf,1160
Frodo,Saruman,1185
Gandalf,Bilbo,1229
Frodo,Gandalf,1234
Frodo,Gandalf,1241
Isildur,Elendil,1309
Isildur,Gil-galad,1309
Isildur,Sauron,1309
Elendil,Gil-galad,1309
Elendil,Sauron,1309
Gil-galad,Sauron,1309
Sméagol,Déagol,1324
Sméagol,Déagol,1330
Sméagol,Déagol,1331
Sméagol,Déagol,1336
Frodo,Gollum,1356
Frodo,Gollum,1359
Frodo,Gandalf,1390
Frodo,Gollum,1400
Frodo,Bilbo,1401
Isildur,Gollum,1407
Isildur,Déagol,1407
Gollum,Déagol,1407
Frodo,Gandalf,1417
Isildur,Elendil,1420
Frodo,Gollum,1429
Gollum,Déagol,1441
Gollum,Bilbo,1459
Gandalf,Bilbo,1469
Frodo,Bilbo,1484
Frodo,Gollum,1484
Bilbo,Gollum,1484
Frodo,Bilbo,1567
Frodo,Gollum,1567
Bilbo,Gollum,1567
Gandalf,Bilbo,1654
Frodo,Gandalf,1656
Sam,Gandalf,1677
Sam,Frodo,1687
Sam,Frodo,1705
Sam,Gandalf,1710
Sam,Gandalf,1711
Sam,Frodo,1714
Gandalf,Bilbo,1721
Frodo,Gandalf,1741
Gandalf,Bilbo,1748
Sam,Elrond,1756
Frodo,Gandalf,1783
Frodo,Gandalf,1785
Pippin,Frodo,1789
Pippin,Merry,1789
Pippin,Fredegar,1789
Frodo,Merry,1789
Frodo,Fredegar,1789
Merry,Fredegar,1789
Frodo,Gandalf,1792
Frodo,Bilbo,1802
Frodo,Gandalf,1804
Merry,Fredegar,1806
Frodo,Gandalf,1809
Lobelia,Frodo,1816
Lobelia,Lotho,1816
Frodo,Lotho,1816
Pippin,Sam,1825
Lobelia,Sam,1826
Lobelia,Frodo,1826
Sam,Frodo,1826
Pippin,Sam,1829
Sam,Frodo,1869
Sam,Frodo,1871
Peregrin,Bilbo,1879
Pippin,Sam,1888
Pippin,Frodo,1951
Pippin,Sam,1955
Pippin,Bilbo,1981
Frodo,Gandalf,1999
Pippin,Frodo,2024
Pippin,Sam,2024
Frodo,Sam,2024
Frodo,Gandalf,2056
Frodo,Bilbo,2083
Pippin,Frodo,2110
Pippin,Sam,2110
Frodo,Sam,2110
Frodo,Bilbo,2175
Sam,Frodo,2204
Pippin,Frodo,2242
Frodo,Bilbo,2246
Frodo,Bilbo,2250
Sam,Frodo,2254
Sam,Gandalf,2254
Frodo,Gandalf,2254
Sam,Frodo,2318
Sam,Frodo,2358
Sam,Frodo,2393
Pippin,Sam,2446
Pippin,Frodo,2488
Maggot,Pippin,2490
Pippin,Frodo,2511
Pippin,Sam,2511
Frodo,Sam,2511
Pippin,Sam,2513
Maggot,Pippin,2519
Pippin,Peregrin,2521
Sam,Frodo,2541
Maggot,Frodo,2607
Frodo,Bilbo,2613
Frodo,Peregrin,2628
Pippin,Frodo,2633
Pippin,Sam,2633
Frodo,Sam,2633
Pippin,Sam,2659
Sam,Frodo,2668
Frodo,Merry,2694
Pippin,Frodo,2742
Pippin,Merry,2742
Pippin,Sam,2742
Frodo,Merry,2742
Frodo,Sam,2742
Merry,Sam,2742
Maggot,Frodo,2756
Meriadoc,Frodo,2786
Pippin,Bilbo,2794
Maggot,Frodo,2821
Pippin,Frodo,2829
Maggot,Merry,2834
Pippin,Frodo,2835
Maggot,Frodo,2837
Maggot,Bilbo,2837
Frodo,Bilbo,2837
Maggot,Merry,2838
Pippin,Merry,2845
Frodo,Merry,2850
Pippin,Frodo,2857
Sam,Frodo,2882
Sam,Merry,2919
Sam,Frodo,2922
Frodo,Gandalf,2925
Sam,Frodo,2938
Pippin,Merry,2949
Gandalf,Merry,2972
Frodo,Gandalf,2999
Gandalf,Fredegar,3060
Pippin,Merry,3239
Sam,Frodo,3265
Pippin,Frodo,3271
Pippin,Sam,3271
Frodo,Sam,3271
Sam,Frodo,3278
Pippin,Sam,3282
Pippin,Merry,3291
Sam,Frodo,3316
Sam,Frodo,3337
Sam,Frodo,3345
Sam,Merry,3356
Frodo,Goldberry,3461
Tom,Goldberry,3482
Tom,Goldberry,3499
Tom,Goldberry,3514
Tom,Frodo,3526
Pippin,Merry,3544
Tom,Goldberry,3616
Tom,Goldberry,3686
Tom,Frodo,3702
Tom,Frodo,3703
Tom,Gandalf,3703
Tom,Bilbo,3703
Frodo,Gandalf,3703
Frodo,Bilbo,3703
Gandalf,Bilbo,3703
Tom,Frodo,3705
Tom,Frodo,3714
Tom,Gandalf,3718
Frodo,Merry,3721
Tom,Frodo,3733
Pippin,Sam,3837
Pippin,Merry,3837
Sam,Merry,3837
Frodo,Gandalf,3914
Frodo,Bilbo,3914
Gandalf,Bilbo,3914
Pippin,Sam,3919
Pippin,Merry,3919
Sam,Merry,3919
Pippin,Sam,3938
Pippin,Merry,3938
Sam,Merry,3938
Frodo,Merry,3946
Tom,Frodo,3960
Pippin,Sam,3976
Pippin,Merry,3976
Sam,Merry,3976
Tom,Frodo,3988
Tom,Merry,4037
Pippin,Sam,4046
Pippin,Merry,4046
Sam,Merry,4046
Tom,Goldberry,4060
Butterbur,Barliman,4126
Tom,Goldberry,4131
Butterbur,Barliman,4261
Sam,Frodo,4269
Nob,Butterbur,4332
Pippin,Frodo,4342
Pippin,Sam,4342
Frodo,Sam,4342
Butterbur,Barliman,4353
Pippin,Sam,4380
Frodo,Butterbur,4389
Frodo,Bilbo,4418
Butterbur,Bilbo,4421
Pippin,Sam,4482
Pippin,Frodo,4565
Pippin,Sam,4565
Frodo,Sam,4565
Sam,Frodo,4620
Pippin,Frodo,4629
Pippin,Sam,4629
Frodo,Sam,4629
Sam,Frodo,4692
Sam,Frodo,4697
Nob,Butterbur,4714
Pippin,Sam,4734
Pippin,Butterbur,4736
Frodo,Butterbur,4749
Pippin,Frodo,4902
Pippin,Sam,4902
Frodo,Sam,4902
Frodo,Gandalf,4910
Pippin,Gandalf,4926
Pippin,Sam,4930
Nob,Merry,5012
Frodo,Merry,5089
Nob,Merry,5090
Nob,Gandalf,5090
Merry,Gandalf,5090
Bob,Bill,5228
Bob,Bill,5229
Butterbur,Merry,5242
Tom,Butterbur,5249
Nob,Butterbur,5268
Nob,Bob,5268
Butterbur,Bob,5268
Pippin,Frodo,5274
Pippin,Merry,5274
Pippin,Sam,5274
Frodo,Merry,5274
Frodo,Sam,5274
Merry,Sam,5274
Nob,Bob,5276
Pippin,Frodo,5410
Elendil,Gil-galad,5434
Pippin,Sam,5468
Frodo,Merry,5470
Merry,Gandalf,5500
Frodo,Merry,5534
Sam,Peregrin,5538
Pippin,Gandalf,5544
Merry,Gil-galad,5615
Pippin,Frodo,5619
Pippin,Merry,5619
Frodo,Merry,5619
Frodo,Gandalf,5620
Lúthien,Beren,5653
Lúthien,Barahir,5653
Beren,Barahir,5653
Beren,Lúthien,5654
Beren,Thingol,5654
Lúthien,Thingol,5654
Beren,Barahir,5657
Beren,Thingol,5657
Barahir,Thingol,5657
Beren,Lúthien,5660
Beren,Sauron,5660
Beren,Thingol,5660
Lúthien,Sauron,5660
Lúthien,Thingol,5660
Sauron,Thingol,5660
Beren,Thingol,5667
Beren,Elwing,5667
Beren,Eärendil,5667
Beren,Lúthien,5667
Beren,Dior,5667
Thingol,Elwing,5667
Thingol,Eärendil,5667
Thingol,Lúthien,5667
Thingol,Dior,5667
Elwing,Eärendil,5667
Elwing,Lúthien,5667
Elwing,Dior,5667
Eärendil,Lúthien,5667
Eärendil,Dior,5667
Lúthien,Dior,5667
Sam,Merry,5682
Pippin,Frodo,5683
Pippin,Merry,5713
Sam,Frodo,5714
Sam,Frodo,5752
Pippin,Merry,5758
Frodo,Gandalf,5775
Sam,Merry,5999
Pippin,Merry,6010
Sam,Frodo,6011
Pippin,Merry,6012
Sam,Frodo,6020
Frodo,Bilbo,6037
Frodo,Bilbo,6044
Gandalf,Bilbo,6118
Frodo,Bilbo,6126
Frodo,Bilbo,6127
Glorfindel,Elrond,6161
Glorfindel,Frodo,6195
Elrond,Aragorn,6200
Glorfindel,Frodo,6220
Pippin,Sam,6225
Pippin,Merry,6225
Sam,Merry,6225
Glorfindel,Frodo,6267
Frodo,Lúthien,6325
Frodo,Gandalf,6381
Butterbur,Bill,6429
Gandalf,Barliman,6431
Frodo,Gandalf,6531
Glorfindel,Aragorn,6549
Frodo,Gandalf,6578
Glorfindel,Elrond,6583
Sam,Frodo,6628
Glorfindel,Gandalf,6660
Glorfindel,Elrond,6660
Gandalf,Elrond,6660
Glorfindel,Frodo,6661
Glorfindel,Gandalf,6661
Glorfindel,Elrond,6661
Frodo,Gandalf,6661
Frodo,Elrond,6661
Gandalf,Elrond,6661
Frodo,Elrond,6669
Arwen,Frodo,6673
Arwen,Lúthien,6673
Arwen,Elrond,6673
Frodo,Lúthien,6673
Frodo,Elrond,6673
Lúthien,Elrond,6673
Frodo,Elrond,6676
Pippin,Frodo,6682
Pippin,Merry,6682
Frodo,Merry,6682
Thorin,Glóin,6693
Gandalf,Elrond,6701
Frodo,Glóin,6709
Frodo,Beorn,6710
Frodo,Grimbeorn,6710
Beorn,Grimbeorn,6710
Bard,Bain,6717
Bard,Brand,6717
Bain,Brand,6717
Dwalin,Bombur,6728
Dwalin,Glóin,6728
Dwalin,Bofur,6728
Bombur,Glóin,6728
Bombur,Bofur,6728
Glóin,Bofur,6728
Ori,Balin,6730
Ori,Óin,6730
Balin,Óin,6730
Frodo,Glóin,6736
Smaug,Bilbo,6747
Frodo,Glóin,6748
Arwen,Elrond,6754
Frodo,Gandalf,6757
Sam,Frodo,6810
Sam,Bilbo,6810
Frodo,Bilbo,6810
Gandalf,Elrond,6833
Gandalf,Bilbo,6835
Frodo,Bilbo,6855
Frodo,Bilbo,6935
Eärendil,Elrond,6969
Frodo,Bilbo,6987
Frodo,Aragorn,6994
Arwen,Frodo,6995
Sam,Bilbo,7006
Sam,Bilbo,7009
Frodo,Elrond,7018
Gandalf,Bilbo,7024
Gandalf,Elrond,7037
Sam,Frodo,7040
Sam,Bilbo,7040
Frodo,Bilbo,7040
Frodo,Gandalf,7041
Glorfindel,Glóin,7047
Glorfindel,Frodo,7047
Glóin,Frodo,7047
Frodo,Elrond,7048
Gimli,Glóin,7051
Elrond,Glorfindel,7052
Elrond,Galdor,7052
Elrond,Erestor,7052
Elrond,Círdan,7052
Glorfindel,Galdor,7052
Glorfindel,Erestor,7052
Glorfindel,Círdan,7052
Galdor,Erestor,7052
Galdor,Círdan,7052
Erestor,Círdan,7052
Legolas,Thranduil,7053
Frodo,Bilbo,7058
Gandalf,Elrond,7059
Gandalf,Boromir,7059
Elrond,Boromir,7059
Frodo,Glóin,7064
Balin,Óin,7077
Balin,Ori,7077
Óin,Ori,7077
Elrond,Sauron,7127
Elrond,Sauron,7128
Isildur,Elendil,7134
Isildur,Anárion,7134
Elendil,Anárion,7134
Elendil,Gil-galad,7135
Elendil,Sauron,7135
Gil-galad,Sauron,7135
Gil-galad,Elrond,7142
Elwing,Eärendil,7145
Elwing,Lúthien,7145
Elwing,Dior,7145
Eärendil,Lúthien,7145
Eärendil,Dior,7145
Lúthien,Dior,7145
Elendil,Gil-galad,7148
Isildur,Elendil,7149
Isildur,Gil-galad,7149
Isildur,Sauron,7149
Elendil,Gil-galad,7149
Elendil,Sauron,7149
Gil-galad,Sauron,7149
Gil-galad,Círdan,7162
Isildur,Valandil,7170
Isildur,Elendil,7170
Isildur,Ohtar,7170
Valandil,Elendil,7170
Valandil,Ohtar,7170
Elendil,Ohtar,7170
Isildur,Elendil,7179
Isildur,Gil-galad,7179
Isildur,Anárion,7179
Elendil,Gil-galad,7179
Elendil,Anárion,7179
Gil-galad,Anárion,7179
Meneldil,Anárion,7192
Elrond,Aragorn,7235
Isildur,Elendil,7241
Isildur,Elrond,7241
Isildur,Aragorn,7241
Elendil,Elrond,7241
Elendil,Aragorn,7241
Elrond,Aragorn,7241
Frodo,Bilbo,7270
Aragorn,Boromir,7279
Isildur,Elendil,7281
Isildur,Denethor,7281
Elendil,Denethor,7281
Gollum,Bilbo,7330
Frodo,Bilbo,7336
Galdor,Elrond,7353
Frodo,Gandalf,7356
Frodo,Galdor,7356
Frodo,Glóin,7356
Gandalf,Galdor,7356
Gandalf,Glóin,7356
Galdor,Glóin,7356
Gollum,Gandalf,7391
Isildur,Aragorn,7404
Gollum,Aragorn,7405
Isildur,Gandalf,7407
Isildur,Saruman,7434
Isildur,Boromir,7434
Saruman,Boromir,7434
Isildur,Elendil,7440
Gil-galad,Sauron,7448
Celebrimbor,Sauron,7454
Gollum,Denethor,7455
Gollum,Aragorn,7455
Denethor,Aragorn,7455
Gandalf,Elrond,7484
Sméagol,Gollum,7509
Legolas,Glóin,7525
Saruman,Radagast,7581
Gandalf,Saruman,7599
Saruman,Sauron,7714
Saruman,Radagast,7739
Sauron,Aragorn,7769
Glorfindel,Galdor,7904
Gandalf,Elrond,7911
Glorfindel,Saruman,7913
Glorfindel,Erestor,7932
Frodo,Boromir,7948
Balin,Thrór,7992
Glorfindel,Sauron,8028
Bilbo,Boromir,8060
Gandalf,Bilbo,8062
Frodo,Elrond,8097
Beren,Túrin,8105
Beren,Hador,8105
Beren,Húrin,8105
Túrin,Hador,8105
Túrin,Húrin,8105
Hador,Húrin,8105
Pippin,Frodo,8117
Pippin,Merry,8117
Pippin,Sam,8117
Frodo,Merry,8117
Frodo,Sam,8117
Merry,Sam,8117
Legolas,Gollum,8145
Sam,Frodo,8150
Sam,Bilbo,8150
Frodo,Bilbo,8150
Elrond,Thranduil,8157
Elrond,Aragorn,8158
Frodo,Gandalf,8183
Frodo,Gandalf,8190
Frodo,Bilbo,8190
Gandalf,Bilbo,8190
Gimli,Legolas,8255
Gimli,Glóin,8255
Legolas,Glóin,8255
Isildur,Aragorn,8257
Frodo,Boromir,8262
Pippin,Frodo,8276
Pippin,Gandalf,8276
Frodo,Gandalf,8276
Pippin,Elrond,8286
Elendil,Aragorn,8292
Gandalf,Elrond,8295
Gandalf,Aragorn,8295
Elrond,Aragorn,8295
Frodo,Bilbo,8296
Pippin,Merry,8297
Pippin,Frodo,8297
Pippin,Beren,8297
Pippin,Bilbo,8297
Pippin,Sam,8297
Pippin,Lúthien,8297
Merry,Frodo,8297
Merry,Beren,8297
Merry,Bilbo,8297
Merry,Sam,8297
Merry,Lúthien,8297
Frodo,Beren,8297
Frodo,Bilbo,8297
Frodo,Sam,8297
Frodo,Lúthien,8297
Beren,Bilbo,8297
Beren,Sam,8297
Beren,Lúthien,8297
Bilbo,Sam,8297
Bilbo,Lúthien,8297
Sam,Lúthien,8297
Frodo,Bilbo,8300
Frodo,Bilbo,8336
Frodo,Bilbo,8341
Elrond,Boromir,8373
Frodo,Bilbo,8379
Thorin,Gandalf,8380
Sam,Bill,8384
Pippin,Sam,8386
Frodo,Bilbo,8390
Elrond,Aragorn,8391
Sam,Frodo,8397
Gandalf,Elrond,8405
Gandalf,Aragorn,8438
Frodo,Gandalf,8459
Gimli,Legolas,8473
Sam,Aragorn,8525
Sam,Aragorn,8534
Sam,Aragorn,8538
Sam,Frodo,8563
Frodo,Gandalf,8598
Frodo,Aragorn,8598
Gandalf,Aragorn,8598
Gandalf,Aragorn,8600
Gandalf,Aragorn,8614
Frodo,Aragorn,8619
Gandalf,Aragorn,8647
Gimli,Sauron,8686
Frodo,Merry,8690
Frodo,Bilbo,8710
Gandalf,Boromir,8712
Legolas,Gandalf,8765
Aragorn,Boromir,8779
Aragorn,Boromir,8791
Aragorn,Boromir,8796
Merry,Aragorn,8822
Pippin,Legolas,8827
Pippin,Merry,8827
Legolas,Merry,8827
Sam,Boromir,8828
Gimli,Gandalf,8829
Gimli,Bill,8829
Gandalf,Bill,8829
Frodo,Aragorn,8830
Pippin,Sam,8866
Pippin,Merry,8866
Sam,Merry,8866
Aragorn,Boromir,8867
Frodo,Gandalf,8871
Gandalf,Boromir,8892
Gandalf,Sauron,8912
Balin,Fundin,8919
Sam,Frodo,8952
Pippin,Sam,8978
Pippin,Elrond,8978
Sam,Elrond,8978
Pippin,Sam,8982
Gandalf,Aragorn,9006
Boromir,Aragorn,9018
Gandalf,Boromir,9059
Gimli,Frodo,9098
Gimli,Gandalf,9098
Frodo,Gandalf,9098
Sam,Bill,9134
Gimli,Legolas,9154
Gandalf,Bill,9162
Sam,Frodo,9169
Sam,Bill,9179
Gandalf,Fëanor,9210
Gandalf,Aragorn,9240
Peregrin,Gandalf,9258
Sam,Bill,9282
Gimli,Gandalf,9316
Sam,Frodo,9329
Sam,Frodo,9334
Sam,Frodo,9343
Sam,Gandalf,9343
Frodo,Gandalf,9343
Sam,Frodo,9350
Gimli,Gandalf,9374
Legolas,Sam,9402
Legolas,Frodo,9402
Legolas,Boromir,9402
Sam,Frodo,9402
Sam,Boromir,9402
Frodo,Boromir,9402
Gimli,Gandalf,9410
Gimli,Glóin,9413
Gimli,Gandalf,9417
Gimli,Legolas,9444
Gimli,Boromir,9444
Gimli,Aragorn,9444
Legolas,Boromir,9444
Legolas,Aragorn,9444
Boromir,Aragorn,9444
Pippin,Gandalf,9468
Pippin,Merry,9468
Gandalf,Merry,9468
Merry,Aragorn,9478
Thorin,Bilbo,9605
Gandalf,Daeron,9670
Balin,Frodo,9676
Balin,Bilbo,9676
Frodo,Bilbo,9676
Gimli,Frodo,9687
Ori,Gimli,9717
Balin,Fundin,9755
Balin,Gimli,9852
Aragorn,Boromir,9853
Pippin,Merry,9861
Frodo,Aragorn,9864
Aragorn,Boromir,9870
Pippin,Frodo,9877
Pippin,Merry,9877
Pippin,Aragorn,9877
Frodo,Merry,9877
Frodo,Aragorn,9877
Merry,Aragorn,9877
Balin,Gimli,9878
Balin,Legolas,9878
Gimli,Legolas,9878
Sam,Frodo,9901
Frodo,Gandalf,9903
Gandalf,Bilbo,9982
Gandalf,Boromir,10098
Gandalf,Aragorn,10098
Boromir,Aragorn,10098
Aragorn,Boromir,10144
Aragorn,Boromir,10152
Sam,Frodo,10155
Sam,Frodo,10235
Pippin,Sam,10251
Sam,Frodo,10273
Sam,Aragorn,10273
Frodo,Aragorn,10273
Legolas,Aragorn,10279
Aragorn,Boromir,10280
Gimli,Frodo,10298
Gimli,Sam,10298
Gimli,Aragorn,10298
Frodo,Sam,10298
Frodo,Aragorn,10298
Sam,Aragorn,10298
Sam,Aragorn,10299
Merry,Bilbo,10334
Sam,Frodo,10356
Sam,Aragorn,10356
Frodo,Aragorn,10356
Gimli,Frodo,10360
Gimli,Aragorn,10478
Legolas,Sam,10515
Legolas,Frodo,10515
Sam,Frodo,10515
Legolas,Frodo,10518
Sam,Frodo,10521
Orophin,Rúmil,10531
Haldir,Aragorn,10540
Frodo,Elrond,10550
Legolas,Aragorn,10555
Haldir,Pippin,10568
Haldir,Legolas,10568
Haldir,Merry,10568
Pippin,Legolas,10568
Pippin,Merry,10568
Legolas,Merry,10568
Legolas,Frodo,10591
Haldir,Rúmil,10645
Haldir,Amroth,10795
Frodo,Aragorn,10843
Frodo,Aragorn,10845
Frodo,Amroth,10850
Galadriel,Celeborn,10863
Haldir,Frodo,10869
Haldir,Galadriel,10879
Haldir,Celeborn,10879
Galadriel,Celeborn,10879
Legolas,Frodo,10883
Galadriel,Celeborn,10892
Haldir,Frodo,10896
Gimli,Glóin,10909
Haldir,Legolas,10933
Balin,Celeborn,10938
Balin,Aragorn,10938
Celeborn,Aragorn,10938
Frodo,Galadriel,10964
Legolas,Aragorn,10978
Frodo,Boromir,11009
Sam,Frodo,11054
Sam,Frodo,11062
Sam,Frodo,11095
Sam,Frodo,11140
Frodo,Gandalf,11189
Frodo,Gandalf,11192
Frodo,Saruman,11192
Gandalf,Saruman,11192
Frodo,Galadriel,11248
Frodo,Gandalf,11279
Legolas,Boromir,11333
Legolas,Aragorn,11333
Boromir,Aragorn,11333
Celeborn,Aragorn,11344
Legolas,Galadriel,11359
Frodo,Aragorn,11362
Gandalf,Boromir,11363
Elendil,Sauron,11364
Frodo,Gandalf,11365
Frodo,Boromir,11365
Gandalf,Boromir,11365
Frodo,Boromir,11367
Frodo,Boromir,11375
Frodo,Boromir,11380
Frodo,Aragorn,11380
Boromir,Aragorn,11380
Pippin,Sam,11382
Pippin,Merry,11382
Sam,Merry,11382
Pippin,Merry,11471
Pippin,Frodo,11471
Pippin,Boromir,11471
Pippin,Gimli,11471
Pippin,Sam,11471
Pippin,Aragorn,11471
Pippin,Legolas,11471
Merry,Frodo,11471
Merry,Boromir,11471
Merry,Gimli,11471
Merry,Sam,11471
Merry,Aragorn,11471
Merry,Legolas,11471
Frodo,Boromir,11471
Frodo,Gimli,11471
Frodo,Sam,11471
Frodo,Aragorn,11471
Frodo,Legolas,11471
Boromir,Gimli,11471
Boromir,Sam,11471
Boromir,Aragorn,11471
Boromir,Legolas,11471
Gimli,Sam,11471
Gimli,Aragorn,11471
Gimli,Legolas,11471
Sam,Aragorn,11471
Sam,Legolas,11471
Aragorn,Legolas,11471
Galadriel,Celeborn,11486
Aragorn,Boromir,11516
Galadriel,Celeborn,11528
Celeborn,Galadriel,11539
Celeborn,Aragorn,11539
Galadriel,Aragorn,11539
Elendil,Elessar,11549
Arwen,Celebrían,11551
Pippin,Merry,11553
Pippin,Boromir,11553
Merry,Boromir,11553
Gimli,Galadriel,11566
Gimli,Glóin,11572
Gimli,Galadriel,11575
Gimli,Glóin,11589
Gimli,Glóin,11649
Gimli,Glóin,11655
Sam,Frodo,11680
Gimli,Legolas,11730
Pippin,Merry,11731
Pippin,Boromir,11731
Pippin,Aragorn,11731
Merry,Boromir,11731
Merry,Aragorn,11731
Boromir,Aragorn,11731
Pippin,Frodo,11732
Frodo,Aragorn,11736
Sam,Frodo,11739
Sam,Frodo,11744
Sam,Frodo,11771
Sam,Frodo,11794
Gollum,Aragorn,11841
Merry,Aragorn,11895
Sam,Frodo,11903
Legolas,Galadriel,11943
Frodo,Boromir,11956
Frodo,Boromir,12025
Frodo,Aragorn,12025
Boromir,Aragorn,12025
Legolas,Aragorn,12030
Legolas,Frodo,12042
Legolas,Aragorn,12042
Frodo,Aragorn,12042
Pippin,Merry,12063
Aragorn,Boromir,12066
Sam,Frodo,12117
Isildur,Anárion,12126
Isildur,Valandil,12127
Isildur,Elendil,12127
Isildur,Elessar,12127
Valandil,Elendil,12127
Valandil,Elessar,12127
Elendil,Elessar,12127
Frodo,Aragorn,12205
Sam,Frodo,12226
Sam,Boromir,12226
Frodo,Boromir,12226
Gandalf,Bilbo,12236
Frodo,Boromir,12260
Frodo,Boromir,12321
Pippin,Sam,12469
Pippin,Merry,12469
Sam,Merry,12469
Denethor,Elrond,12500
Gimli,Sam,12520
Legolas,Meriadoc,12521
Legolas,Peregrin,12521
Legolas,Boromir,12521
Meriadoc,Peregrin,12521
Meriadoc,Boromir,12521
Peregrin,Boromir,12521
Sam,Aragorn,12563
Aragorn,Boromir,12601
Frodo,Boromir,12615
Pippin,Frodo,12634
Pippin,Merry,12634
Frodo,Merry,12634
Gimli,Legolas,12637
Sam,Aragorn,12645
Sam,Frodo,12702
Sam,Frodo,12730
Sam,Frodo,12736
Sam,Frodo,12769
Samwise,Boromir,12805
Samwise,Aragorn,12805
Boromir,Aragorn,12805
Gimli,Legolas,12876
Gimli,Legolas,12878
Legolas,Aragorn,12881
Pippin,Frodo,12893
Pippin,Merry,12893
Pippin,Sam,12893
Frodo,Merry,12893
Frodo,Sam,12893
Merry,Sam,12893
Gimli,Sauron,12935
Gandalf,Saruman,12946
Gimli,Legolas,12961
Denethor,Boromir,12986
Frodo,Aragorn,13052
Gimli,Frodo,13056
Legolas,Aragorn,13191
Gimli,Legolas,13238
Gimli,Legolas,13309
Gimli,Legolas,13429
Gimli,Aragorn,13429
Legolas,Aragorn,13429
Saruman,Sauron,13474
Gimli,Gandalf,13478
Aragorn,Boromir,13479
Gimli,Legolas,13530
Sauron,Aragorn,13562
Isildur,Elendil,13572
Isildur,Elessar,13572
Isildur,Aragorn,13572
Elendil,Elessar,13572
Elendil,Aragorn,13572
Elessar,Aragorn,13572
Gimli,Legolas,13576
Legolas,Aragorn,13578
Denethor,Boromir,13585
Sauron,Thengel,13588
Denethor,Sauron,13644
Gandalf,Saruman,13655
Gandalf,Shadowfax,13660
Gandalf,Shadowfax,13663
Gandalf,Aragorn,13663
Shadowfax,Aragorn,13663
Gimli,Legolas,13739
Gimli,Legolas,13794
Pippin,Merry,13839
Legolas,Gandalf,13845
Gimli,Gandalf,13846
Gandalf,Aragorn,13848
Legolas,Aragorn,13870
Celeborn,Aragorn,13882
Gimli,Saruman,13908
Legolas,Aragorn,13909
Gimli,Legolas,13949
Gimli,Aragorn,13949
Legolas,Aragorn,13949
Pippin,Frodo,13952
Pippin,Merry,13967
Gandalf,Elrond,13986
Pippin,Merry,14151
Pippin,Merry,14177
Pippin,Merry,14236
Pippin,Merry,14331
Frodo,Gandalf,14364
Gandalf,Shadowfax,14365
Pippin,Merry,14394
Pippin,Merry,14436
Pippin,Merry,14468
Pippin,Merry,14544
Pippin,Merry,14621
Meriadoc,Merry,14799
Pippin,Peregrin,14800
Pippin,Merry,14804
Pippin,Merry,15032
Tom,Galadriel,15038
Tom,Elrond,15038
Galadriel,Elrond,15038
Treebeard,Gandalf,15049
Treebeard,Saruman,15049
Gandalf,Saruman,15049
Sam,Gandalf,15050
Gandalf,Galadriel,15059
Pippin,Merry,15258
Treebeard,Merry,15265
Treebeard,Pippin,15265
Merry,Pippin,15265
Pippin,Merry,15267
Pippin,Merry,15292
Treebeard,Pippin,15294
Treebeard,Merry,15298
Treebeard,Pippin,15298
Merry,Pippin,15298
Pippin,Merry,15312
Pippin,Merry,15338
Sam,Frodo,15374
Legolas,Aragorn,15600
Pippin,Merry,15612
Pippin,Merry,15619
Pippin,Boromir,15619
Merry,Boromir,15619
Gimli,Legolas,15669
Gimli,Aragorn,15669
Legolas,Aragorn,15669
Pippin,Merry,15672
Aragorn,Boromir,15901
Pippin,Merry,15958
Gandalf,Saruman,16001
Gandalf,Saruman,16002
Treebeard,Gandalf,16018
Pippin,Merry,16036
Gimli,Saruman,16040
Legolas,Aragorn,16046
Gandalf,Aragorn,16109
Elessar,Aragorn,16187
Gandalf,Shadowfax,16250
Legolas,Aragorn,16259
Gimli,Shadowfax,16260
Gandalf,Shadowfax,16268
Gimli,Legolas,16293
Gimli,Gandalf,16293
Gimli,Aragorn,16293
Legolas,Gandalf,16293
Legolas,Aragorn,16293
Gandalf,Aragorn,16293
Gimli,Gandalf,16298
Gimli,Legolas,16410
Elendil,Thengel,16455
Elendil,Aragorn,16455
Thengel,Aragorn,16455
Denethor,Aragorn,16456
Gandalf,Wormtongue,16556
Gandalf,Thengel,16571
Gimli,Gandalf,16579
Gandalf,Wormtongue,16663
Gandalf,Wormtongue,16851
Gandalf,Saruman,16910
Legolas,Aragorn,16949
Gimli,Gandalf,16951
Gimli,Legolas,17015
Gandalf,Shadowfax,17026
Legolas,Aragorn,17034
Gimli,Galadriel,17041
Gandalf,Shadowfax,17059
Legolas,Gandalf,17094
Helm,Erkenbrand,17122
Helm,Erkenbrand,17178
Gandalf,Wormtongue,17194
Helm,Gandalf,17196
Helm,Erkenbrand,17196
Gandalf,Erkenbrand,17196
Legolas,Aragorn,17207
Helm,Erkenbrand,17239
Helm,Gamling,17258
Legolas,Aragorn,17457
Gamling,Saruman,17476
Gandalf,Aragorn,17581
Elendil,Aragorn,17650
Legolas,Erkenbrand,17707
Legolas,Aragorn,17707
Erkenbrand,Aragorn,17707
Gimli,Gamling,17710
Gandalf,Saruman,17770
Gimli,Legolas,17785
Gimli,Gandalf,17785
Gimli,Aragorn,17785
Legolas,Gandalf,17785
Legolas,Aragorn,17785
Gandalf,Aragorn,17785
Gimli,Legolas,17820
Gimli,Gandalf,17820
Legolas,Gandalf,17820
Legolas,Gandalf,17821
Gimli,Legolas,17828
Legolas,Helm,17848
Legolas,Galadriel,17857
Gimli,Legolas,17881
Gandalf,Shadowfax,17989
Shadowfax,Gandalf,18002
Grimbold,Erkenbrand,18006
Helm,Saruman,18010
Saruman,Wormtongue,18116
Saruman,Wormtongue,18157
Gimli,Legolas,18177
Pippin,Merry,18196
Treebeard,Merry,18213
Treebeard,Gandalf,18230
Gimli,Legolas,18252
Gimli,Aragorn,18252
Legolas,Aragorn,18252
Gimli,Merry,18299
Pippin,Aragorn,18431
Gimli,Gandalf,18452
Pippin,Saruman,18465
Treebeard,Saruman,18528
Gandalf,Galadriel,18554
Gandalf,Elrond,18554
Galadriel,Elrond,18554
Treebeard,Merry,18634
Treebeard,Gandalf,18654
Treebeard,Gandalf,18664
Treebeard,Gandalf,18669
Sam,Frodo,18689
Sam,Boromir,18689
Frodo,Boromir,18689
Saruman,Aragorn,18825
Treebeard,Merry,18829
Pippin,Merry,18936
Saruman,Wormtongue,18954
Gandalf,Saruman,18988
Gandalf,Saruman,18993
Gandalf,Saruman,19202
Gandalf,Saruman,19207
Saruman,Aragorn,19218
Gandalf,Saruman,19271
Gimli,Legolas,19275
Gimli,Aragorn,19275
Legolas,Aragorn,19275
Treebeard,Gandalf,19276
Gimli,Legolas,19292
Gimli,Legolas,19300
Pippin,Merry,19326
Pippin,Gandalf,19362
Pippin,Merry,19362
Pippin,Aragorn,19362
Gandalf,Merry,19362
Gandalf,Aragorn,19362
Merry,Aragorn,19362
Pippin,Merry,19366
Pippin,Merry,19437
Pippin,Merry,19453
Gandalf,Saruman,19471
Pippin,Gandalf,19475
Pippin,Sam,19489
Pippin,Gandalf,19519
Gandalf,Aragorn,19687
Pippin,Gandalf,19756
Pippin,Gandalf,19762
Pippin,Aragorn,19762
Gandalf,Aragorn,19762
Merry,Aragorn,19771
Shadowfax,Gandalf,19793
Elendil,Elrond,19848
Wormtongue,Aragorn,19918
Peregrin,Shadowfax,19921
Pippin,Gandalf,19957
Sam,Frodo,20041
Sam,Frodo,20047
Sam,Frodo,20230
Sam,Frodo,20267
Frodo,Bilbo,20483
Frodo,Gollum,20519
Sam,Frodo,20598
Sam,Frodo,20607
Sam,Gollum,20627
Frodo,Gollum,20653
Sam,Frodo,20655
Sam,Gollum,20686
Frodo,Gollum,20688
Sam,Frodo,20735
Sam,Gollum,20769
Sam,Frodo,20777
Sam,Frodo,20792
Sam,Gollum,20838
Sam,Frodo,20844
Sam,Gollum,20844
Frodo,Gollum,20844
Sam,Frodo,20849
Sam,Gollum,20859
Sam,Gollum,20861
Sam,Frodo,20888
Frodo,Gollum,20903
Sam,Samwise,20916
Sam,Frodo,20985
Sam,Gollum,20985
Frodo,Gollum,20985
Sam,Frodo,21041
Sam,Frodo,21066
Sam,Frodo,21137
Sam,Frodo,21147
Sam,Frodo,21153
Sam,Gollum,21167
Sam,Frodo,21168
Sam,Gollum,21172
Sam,Frodo,21214
Sam,Frodo,21229
Frodo,Gollum,21299
Sam,Gollum,21301
Frodo,Gollum,21369
Sam,Gollum,21455
Frodo,Gollum,21466
Frodo,Gollum,21490
Sam,Frodo,21492
Sam,Gollum,21492
Frodo,Gollum,21492
Frodo,Gollum,21501
Frodo,Gandalf,21551
Frodo,Bilbo,21551
Gandalf,Bilbo,21551
Frodo,Gollum,21558
Isildur,Elendil,21588
Isildur,Frodo,21588
Elendil,Frodo,21588
Sam,Frodo,21626
Sam,Gollum,21626
Frodo,Gollum,21626
Gollum,Aragorn,21673
Frodo,Gollum,21680
Frodo,Gollum,21683
Gollum,Aragorn,21687
Gandalf,Aragorn,21702
Gandalf,Saruman,21703
Gandalf,Aragorn,21703
Saruman,Aragorn,21703
Frodo,Samwise,21705
Frodo,Gandalf,21706
Sam,Frodo,21727
Frodo,Gollum,21753
Sam,Frodo,21765
Frodo,Gollum,21825
Sam,Frodo,21860
Sam,Gollum,21860
Frodo,Gollum,21860
Sam,Gollum,21887
Frodo,Elrond,21938
Sam,Gollum,21945
Sam,Frodo,21970
Sam,Gollum,21970
Frodo,Gollum,21970
Sam,Frodo,22061
Sam,Gollum,22081
Sam,Frodo,22143
Frodo,Boromir,22150
Frodo,Hamfast,22183
Frodo,Samwise,22183
Hamfast,Samwise,22183
Boromir,Aragorn,22187
Denethor,Boromir,22194
Mablung,Damrod,22233
Sam,Frodo,22280
Sam,Faramir,22341
Frodo,Faramir,22343
Sam,Frodo,22349
Sam,Boromir,22349
Frodo,Boromir,22349
Elendil,Boromir,22366
Isildur,Elendil,22367
Isildur,Aragorn,22367
Elendil,Aragorn,22367
Sam,Frodo,22384
Sam,Faramir,22384
Frodo,Faramir,22384
Frodo,Boromir,22391
Frodo,Denethor,22441
Frodo,Faramir,22441
Denethor,Faramir,22441
Mablung,Damrod,22556
Samwise,Frodo,22557
Samwise,Faramir,22557
Frodo,Faramir,22557
Sam,Frodo,22568
Sam,Mablung,22568
Sam,Damrod,22568
Sam,Faramir,22568
Frodo,Mablung,22568
Frodo,Damrod,22568
Frodo,Faramir,22568
Mablung,Damrod,22568
Mablung,Faramir,22568
Damrod,Faramir,22568
Samwise,Faramir,22571
Isildur,Frodo,22593
Boromir,Faramir,22687
Mablung,Damrod,22692
Mablung,Damrod,22710
Sam,Frodo,22718
Mablung,Damrod,22723
Sam,Frodo,22824
Sam,Faramir,22824
Frodo,Faramir,22824
Sam,Frodo,22832
Sam,Frodo,22844
Frodo,Boromir,22845
Frodo,Aragorn,22849
Boromir,Faramir,22852
Sam,Faramir,22890
Samwise,Faramir,22891
Bilbo,Aragorn,22908
Sam,Frodo,22959
Frodo,Faramir,22986
Frodo,Faramir,23030
Sam,Frodo,23064
Frodo,Faramir,23077
Frodo,Faramir,23094
Anborn,Faramir,23143
Anborn,Frodo,23166
Frodo,Gandalf,23212
Frodo,Gollum,23277
Frodo,Faramir,23277
Gollum,Faramir,23277
Anborn,Gollum,23341
Frodo,Faramir,23375
Gollum,Faramir,23389
Frodo,Gollum,23399
Frodo,Faramir,23420
Frodo,Gollum,23435
Frodo,Faramir,23435
Gollum,Faramir,23435
Anborn,Gollum,23477
Sam,Frodo,23545
Frodo,Elrond,23572
Frodo,Gollum,23576
Frodo,Faramir,23576
Gollum,Faramir,23576
Samwise,Faramir,23577
Frodo,Gollum,23578
Sam,Frodo,23617
Sam,Gollum,23624
Sam,Frodo,23678
Sam,Gollum,23678
Frodo,Gollum,23678
Sam,Frodo,23726
Sam,Gollum,23726
Frodo,Gollum,23726
Sam,Gandalf,23787
Sam,Gollum,23789
Sam,Frodo,23816
Sam,Frodo,23837
Frodo,Gollum,23855
Sam,Frodo,23864
Sam,Gollum,23890
Sam,Frodo,23896
Sam,Frodo,23910
Sam,Frodo,23917
Sam,Frodo,23940
Gandalf,Galadriel,24026
Gandalf,Faramir,24026
Gandalf,Elrond,24026
Gandalf,Aragorn,24026
Galadriel,Faramir,24026
Galadriel,Elrond,24026
Galadriel,Aragorn,24026
Faramir,Elrond,24026
Faramir,Aragorn,24026
Elrond,Aragorn,24026
Sam,Frodo,24050
Sam,Frodo,24058
Sam,Frodo,24099
Sam,Frodo,24138
Sam,Frodo,24219
Sam,Frodo,24220
Sam,Frodo,24253
Sam,Frodo,24284
Sam,Frodo,24292
Sam,Frodo,24334
Frodo,Gollum,24339
Sam,Frodo,24355
Gollum,Shelob,24375
Sam,Frodo,24413
Sam,Frodo,24436
Sam,Frodo,24442
Sam,Frodo,24515
Gollum,Faramir,24578
Ungoliant,Shelob,24618
Sam,Frodo,24664
Sam,Gollum,24681
Sam,Gollum,24687
Sam,Gollum,24690
Sam,Gollum,24692
Sam,Gollum,24693
Sam,Frodo,24711
Sam,Frodo,24715
Sam,Samwise,24715
Frodo,Samwise,24715
Sam,Shelob,24736
Sam,Frodo,24742
Hamfast,Samwise,24753
Frodo,Galadriel,24792
Frodo,Faramir,24816
Frodo,Bilbo,24817
Frodo,Bilbo,24857
Sam,Frodo,24873
Sam,Shagrat,25066
Shelob,Shagrat,25096
Gorbag,Shagrat,25308
Gorbag,Shagrat,25310
Pippin,Gandalf,25348
Pippin,Gandalf,25359
Pippin,Gandalf,25366
Pippin,Gandalf,25380
Pippin,Gandalf,25394
Gandalf,Denethor,25399
Gandalf,Boromir,25411
Amroth,Imrahil,25440
Pippin,Gandalf,25441
Pippin,Ecthelion,25446
Peregrin,Gandalf,25447
Gandalf,Shadowfax,25472
Pippin,Gandalf,25480
Pippin,Gandalf,25485
Denethor,Ecthelion,25521
Pippin,Boromir,25523
Pippin,Aragorn,25523
Boromir,Aragorn,25523
Gandalf,Faramir,25533
Pippin,Boromir,25541
Pippin,Denethor,25550
Meriadoc,Pippin,25560
Pippin,Denethor,25561
Pippin,Gandalf,25572
Pippin,Denethor,25573
Pippin,Peregrin,25574
Pippin,Denethor,25574
Pippin,Ecthelion,25574
Peregrin,Denethor,25574
Peregrin,Ecthelion,25574
Denethor,Ecthelion,25574
Pippin,Gandalf,25578
Gandalf,Denethor,25579
Théoden,Saruman,25583
Pippin,Gandalf,25584
Gandalf,Denethor,25585
Pippin,Gandalf,25586
Treebeard,Gandalf,25589
Gandalf,Denethor,25592
Pippin,Gandalf,25599
Pippin,Denethor,25600
Pippin,Gandalf,25621
Pippin,Gandalf,25629
Isildur,Denethor,25635
Isildur,Boromir,25635
Denethor,Boromir,25635
Pippin,Boromir,25636
Pippin,Faramir,25636
Boromir,Faramir,25636
Denethor,Faramir,25654
Beregond,Aragorn,25692
Pippin,Peregrin,25697
Gandalf,Shadowfax,25715
Beregond,Shadowfax,25716
Pippin,Shadowfax,25723
Pippin,Shadowfax,25726
Beregond,Pippin,25741
Beregond,Pippin,25749
Beregond,Peregrin,25753
Beregond,Pippin,25780
Pippin,Peregrin,25817
Pippin,Peregrin,25867
Beregond,Gandalf,25868
Beregond,Pippin,25868
Gandalf,Pippin,25868
Pippin,Beregond,25869
Pippin,Denethor,25872
Pippin,Boromir,25872
Denethor,Boromir,25872
Beregond,Bergil,25917
Pippin,Merry,25928
Pippin,Bergil,25928
Merry,Bergil,25928
Pippin,Bergil,25930
Pippin,Bergil,25935
Pippin,Forlong,25939
Forlong,Bergil,25941
Amroth,Imrahil,25961
Pippin,Gandalf,25987
Pippin,Faramir,26001
Gandalf,Merry,26010
Gandalf,Shadowfax,26010
Gandalf,Aragorn,26010
Merry,Shadowfax,26010
Merry,Aragorn,26010
Shadowfax,Aragorn,26010
Gimli,Legolas,26013
Merry,Aragorn,26031
Gimli,Legolas,26034
Gimli,Merry,26034
Gimli,Aragorn,26034
Legolas,Merry,26034
Legolas,Aragorn,26034
Merry,Aragorn,26034
Merry,Aragorn,26042
Théoden,Saruman,26073
Halbarad,Aragorn,26089
Gimli,Legolas,26099
Gimli,Merry,26099
Legolas,Merry,26099
Gimli,Legolas,26102
Gimli,Halbarad,26115
Legolas,Aragorn,26116
Legolas,Gandalf,26125
Legolas,Galadriel,26125
Gandalf,Galadriel,26125
Gimli,Gandalf,26126
Meriadoc,Théoden,26151
Théoden,Merry,26160
Théoden,Aragorn,26160
Merry,Aragorn,26160
Éomer,Elrond,26169
Éomer,Halbarad,26169
Éomer,Aragorn,26169
Elrond,Halbarad,26169
Elrond,Aragorn,26169
Halbarad,Aragorn,26169
Gimli,Legolas,26170
Merry,Aragorn,26171
Éomer,Théoden,26176
Éomer,Merry,26186
Éomer,Aragorn,26186
Merry,Aragorn,26186
Éomer,Aragorn,26188
Éomer,Théoden,26190
Éomer,Aragorn,26190
Théoden,Aragorn,26190
Gimli,Legolas,26197
Gimli,Merry,26197
Legolas,Merry,26197
Éomer,Théoden,26202
Gimli,Legolas,26212
Gandalf,Aragorn,26219
Isildur,Elendil,26234
Isildur,Théoden,26234
Isildur,Sauron,26234
Elendil,Théoden,26234
Elendil,Sauron,26234
Théoden,Sauron,26234
Gimli,Aragorn,26236
Legolas,Elrond,26249
Legolas,Aragorn,26249
Elrond,Aragorn,26249
Arvedui,Aragorn,26250
Gimli,Aragorn,26257
Gimli,Legolas,26260
Gimli,Aragorn,26260
Legolas,Aragorn,26260
Isildur,Sauron,26263
Isildur,Sauron,26266
Gimli,Legolas,26272
Gimli,Aragorn,26272
Legolas,Aragorn,26272
Gimli,Legolas,26274
Helm,Halbarad,26276
Éowyn,Elrond,26278
Éowyn,Aragorn,26278
Elrond,Aragorn,26278
Helm,Théoden,26279
Éowyn,Aragorn,26283
Gimli,Legolas,26295
Gimli,Aragorn,26295
Legolas,Aragorn,26295
Gimli,Legolas,26330
Gimli,Glóin,26361
Gimli,Aragorn,26362
Gimli,Glóin,26371
Gimli,Legolas,26398
Gimli,Legolas,26400
Gimli,Amroth,26407
Isildur,Elessar,26428
Isildur,Halbarad,26428
Elessar,Halbarad,26428
Gimli,Legolas,26433
Pippin,Amroth,26438
Gimli,Pippin,26465
Gimli,Legolas,26465
Gimli,Aragorn,26465
Pippin,Legolas,26465
Pippin,Aragorn,26465
Legolas,Aragorn,26465
Sam,Frodo,26466
Éomer,Théoden,26476
Gandalf,Shadowfax,26497
Dúnhere,Gandalf,26500
Éowyn,Théoden,26544
Éowyn,Merry,26544
Théoden,Merry,26544
Éomer,Aragorn,26549
Pippin,Gandalf,26571
Pippin,Frodo,26571
Pippin,Gimli,26571
Pippin,Sam,26571
Pippin,Legolas,26571
Gandalf,Frodo,26571
Gandalf,Gimli,26571
Gandalf,Sam,26571
Gandalf,Legolas,26571
Frodo,Gimli,26571
Frodo,Sam,26571
Frodo,Legolas,26571
Gimli,Sam,26571
Gimli,Legolas,26571
Sam,Legolas,26571
Éowyn,Dúnhere,26576
Éowyn,Éomer,26576
Éowyn,Théoden,26576
Dúnhere,Éomer,26576
Dúnhere,Théoden,26576
Éomer,Théoden,26576
Éomer,Aragorn,26584
Brego,Baldor,26592
Merry,Aragorn,26598
Éowyn,Éomer,26599
Brego,Baldor,26603
Éomer,Aragorn,26614
Merry,Boromir,26622
Hirgon,Denethor,26628
Théoden,Denethor,26630
Hirgon,Denethor,26634
Hirgon,Gandalf,26638
Hirgon,Denethor,26638
Gandalf,Denethor,26638
Éomer,Théoden,26705
Éomer,Merry,26706
Éowyn,Merry,26712
Théoden,Merry,26714
Éowyn,Aragorn,26721
Gimli,Merry,26725
Meriadoc,Merry,26759
Pippin,Gandalf,26788
Pippin,Denethor,26800
Pippin,Gandalf,26801
Éomer,Gandalf,26819
Éomer,Denethor,26819
Gandalf,Denethor,26819
Pippin,Denethor,26820
Pippin,Denethor,26821
Pippin,Gandalf,26862
Beregond,Pippin,26868
Beregond,Faramir,26868
Pippin,Faramir,26868
Beregond,Faramir,26909
Beregond,Pippin,26910
Gandalf,Shadowfax,26929
Pippin,Faramir,26930
Pippin,Boromir,26932
Pippin,Denethor,26949
Pippin,Faramir,26953
Pippin,Gandalf,26955
Pippin,Gandalf,26957
Pippin,Faramir,26957
Gandalf,Faramir,26957
Pippin,Frodo,26958
Pippin,Gandalf,26958
Frodo,Gandalf,26958
Pippin,Gandalf,26959
Boromir,Denethor,26991
Boromir,Faramir,26991
Denethor,Faramir,26991
Boromir,Denethor,26998
Boromir,Faramir,26998
Denethor,Faramir,26998
Pippin,Gandalf,27035
Pippin,Denethor,27035
Gandalf,Denethor,27035
Pippin,Gandalf,27056
Pippin,Gandalf,27058
Pippin,Frodo,27060
Pippin,Gandalf,27060
Frodo,Gandalf,27060
Pippin,Gollum,27090
Frodo,Gollum,27094
Boromir,Faramir,27114
Denethor,Boromir,27125
Gandalf,Faramir,27128
Beregond,Faramir,27161
Nazgûl,Denethor,27184
Nazgûl,Sauron,27184
Denethor,Sauron,27184
Pippin,Gandalf,27187
Shadowfax,Amroth,27234
Shadowfax,Faramir,27234
Amroth,Faramir,27234
Denethor,Faramir,27255
Nazgûl,Faramir,27259
Imrahil,Faramir,27261
Denethor,Faramir,27265
Pippin,Gandalf,27269
Gandalf,Denethor,27322
Denethor,Faramir,27350
Denethor,Faramir,27362
Denethor,Faramir,27368
Denethor,Faramir,27387
Pippin,Denethor,27389
Denethor,Faramir,27404
Pippin,Denethor,27422
Beregond,Pippin,27428
Beregond,Faramir,27428
Pippin,Faramir,27428
Beregond,Pippin,27435
Beregond,Faramir,27435
Pippin,Faramir,27435
Gandalf,Shadowfax,27488
Pippin,Merry,27536
Éomer,Merry,27539
Éomer,Théoden,27567
Théoden,Ghân-buri-Ghân,27665
Éomer,Denethor,27690
Éomer,Théoden,27771
Théoden,Thengel,27796
Éowyn,Merry,27873
Éowyn,Meriadoc,27881
Éomer,Amroth,27905
Merry,Gandalf,27906
Éowyn,Éomer,27908
Éomer,Théoden,27918
Éowyn,Théoden,27951
Imrahil,Amroth,27953
Éowyn,Éomer,27962
Éomer,Imrahil,27972
Éomer,Húrin,27972
Imrahil,Húrin,27972
Arwen,Elrond,28013
Isildur,Elessar,28014
Isildur,Aragorn,28014
Elessar,Aragorn,28014
Gimli,Legolas,28019
Gimli,Halbarad,28019
Legolas,Halbarad,28019
Elendil,Aragorn,28020
Éomer,Aragorn,28021
Éomer,Imrahil,28034
Éomer,Aragorn,28034
Imrahil,Aragorn,28034
Grimbold,Halbarad,28038
Grimbold,Dúnhere,28044
Grimbold,Fastred,28044
Grimbold,Horn,28044
Grimbold,Harding,28044
Dúnhere,Fastred,28044
Dúnhere,Horn,28044
Dúnhere,Harding,28044
Fastred,Horn,28044
Fastred,Harding,28044
Horn,Harding,28044
Gandalf,Denethor,28049
Gandalf,Shadowfax,28053
Pippin,Shadowfax,28055
Pippin,Faramir,28067
Pippin,Denethor,28070
Pippin,Faramir,28070
Denethor,Faramir,28070
Pippin,Gandalf,28073
Gandalf,Faramir,28074
Pippin,Shadowfax,28077
Pippin,Beregond,28089
Beregond,Denethor,28102
Pippin,Gandalf,28104
Pippin,Denethor,28104
Gandalf,Denethor,28104
Gandalf,Denethor,28109
Denethor,Faramir,28116
Beregond,Gandalf,28122
Beregond,Pippin,28122
Beregond,Denethor,28122
Gandalf,Pippin,28122
Gandalf,Denethor,28122
Pippin,Denethor,28122
Gandalf,Denethor,28174
Beregond,Faramir,28177
Beregond,Gandalf,28191
Beregond,Denethor,28191
Beregond,Ecthelion,28191
Gandalf,Denethor,28191
Gandalf,Ecthelion,28191
Denethor,Ecthelion,28191
Beregond,Faramir,28195
Beregond,Gandalf,28197
Beregond,Pippin,28197
Beregond,Faramir,28197
Gandalf,Pippin,28197
Gandalf,Faramir,28197
Pippin,Faramir,28197
Gandalf,Amroth,28204
Beregond,Gandalf,28210
Beregond,Pippin,28210
Beregond,Faramir,28210
Gandalf,Pippin,28210
Gandalf,Faramir,28210
Pippin,Faramir,28210
Pippin,Beregond,28212
Denethor,Sauron,28225
Beregond,Faramir,28229
Éowyn,Théoden,28249
Pippin,Merry,28276
Beregond,Bergil,28285
Éowyn,Meriadoc,28301
Éowyn,Faramir,28301
Meriadoc,Faramir,28301
Éomer,Imrahil,28323
Éomer,Aragorn,28323
Imrahil,Aragorn,28323
Éomer,Elendil,28327
Éomer,Imrahil,28334
Éowyn,Éomer,28338
Éowyn,Imrahil,28339
Éowyn,Gandalf,28345
Denethor,Faramir,28346
Galadriel,Aragorn,28350
Amroth,Faramir,28352
Éomer,Imrahil,28365
Elessar,Aragorn,28366
Éowyn,Meriadoc,28368
Éowyn,Gandalf,28368
Meriadoc,Gandalf,28368
Éowyn,Merry,28370
Éowyn,Faramir,28370
Éowyn,Aragorn,28370
Merry,Faramir,28370
Merry,Aragorn,28370
Faramir,Aragorn,28370
Éomer,Faramir,28373
Éomer,Elrond,28373
Éomer,Aragorn,28373
Faramir,Elrond,28373
Faramir,Aragorn,28373
Elrond,Aragorn,28373
Gandalf,Faramir,28386
Shadowfax,Aragorn,28387
Gandalf,Aragorn,28390
Aragorn,Faramir,28419
Faramir,Aragorn,28421
Faramir,Aragorn,28432
Faramir,Aragorn,28436
Beregond,Gandalf,28443
Beregond,Imrahil,28443
Gandalf,Imrahil,28443
Pippin,Gandalf,28444
Éowyn,Aragorn,28448
Théoden,Wormtongue,28464
Saruman,Wormtongue,28468
Éomer,Aragorn,28472
Éowyn,Aragorn,28483
Éowyn,Aragorn,28484
Éomer,Éowyn,28488
Éowyn,Éomer,28499
Éomer,Gandalf,28503
Pippin,Gandalf,28510
Pippin,Merry,28510
Pippin,Aragorn,28510
Gandalf,Merry,28510
Gandalf,Aragorn,28510
Merry,Aragorn,28510
Pippin,Merry,28511
Merry,Aragorn,28516
Pippin,Gandalf,28518
Pippin,Aragorn,28528
Meriadoc,Saruman,28532
Meriadoc,Aragorn,28532
Saruman,Aragorn,28532
Merry,Gandalf,28543
Éowyn,Gandalf,28565
Éowyn,Faramir,28565
Éowyn,Aragorn,28565
Gandalf,Faramir,28565
Gandalf,Aragorn,28565
Faramir,Aragorn,28565
Éowyn,Gandalf,28566
Éowyn,Faramir,28566
Éowyn,Aragorn,28566
Gandalf,Faramir,28566
Gandalf,Aragorn,28566
Faramir,Aragorn,28566
Beregond,Meriadoc,28568
Elrond,Aragorn,28573
Gimli,Pippin,28578
Gimli,Legolas,28578
Gimli,Merry,28578
Pippin,Legolas,28578
Pippin,Merry,28578
Legolas,Merry,28578
Gimli,Legolas,28579
Legolas,Aragorn,28581
Legolas,Imrahil,28583
Legolas,Aragorn,28583
Imrahil,Aragorn,28583
Legolas,Aragorn,28587
Meriadoc,Peregrin,28589
Meriadoc,Imrahil,28589
Peregrin,Imrahil,28589
Legolas,Merry,28603
Legolas,Merry,28619
Gimli,Glóin,28632
Éowyn,Merry,28635
Pippin,Legolas,28639
Pippin,Merry,28639
Legolas,Merry,28639
Angbor,Aragorn,28652
Lúthien,Sauron,28683
Isildur,Aragorn,28690
Gandalf,Aragorn,28715
Théoden,Imrahil,28719
Théoden,Gimli,28719
Théoden,Aragorn,28719
Théoden,Éomer,28719
Théoden,Legolas,28719
Imrahil,Gimli,28719
Imrahil,Aragorn,28719
Imrahil,Éomer,28719
Imrahil,Legolas,28719
Gimli,Aragorn,28719
Gimli,Éomer,28719
Gimli,Legolas,28719
Aragorn,Éomer,28719
Aragorn,Legolas,28719
Éomer,Legolas,28719
Gandalf,Elrond,28720
Gandalf,Aragorn,28720
Elrond,Aragorn,28720
Amroth,Imrahil,28730
Gandalf,Sauron,28793
Imrahil,Aragorn,28799
Imrahil,Gimli,28818
Imrahil,Glóin,28818
Imrahil,Aragorn,28818
Gimli,Glóin,28818
Gimli,Aragorn,28818
Glóin,Aragorn,28818
Éomer,Elrond,28820
Éomer,Amroth,28820
Éomer,Imrahil,28820
Éomer,Aragorn,28820
Elrond,Amroth,28820
Elrond,Imrahil,28820
Elrond,Aragorn,28820
Amroth,Imrahil,28820
Amroth,Aragorn,28820
Imrahil,Aragorn,28820
Gimli,Legolas,28836
Gimli,Gandalf,28836
Gimli,Elrond,28836
Gimli,Aragorn,28836
Legolas,Gandalf,28836
Legolas,Elrond,28836
Legolas,Aragorn,28836
Gandalf,Elrond,28836
Gandalf,Aragorn,28836
Elrond,Aragorn,28836
Gandalf,Imrahil,28872
Gandalf,Faramir,28872
Imrahil,Faramir,28872
Gandalf,Aragorn,28876
Nazgûl,Aragorn,28894
Gandalf,Imrahil,28926
Gandalf,Gimli,28926
Gandalf,Peregrin,28926
Gandalf,Elrond,28926
Gandalf,Aragorn,28926
Gandalf,Éomer,28926
Gandalf,Legolas,28926
Imrahil,Gimli,28926
Imrahil,Peregrin,28926
Imrahil,Elrond,28926
Imrahil,Aragorn,28926
Imrahil,Éomer,28926
Imrahil,Legolas,28926
Gimli,Peregrin,28926
Gimli,Elrond,28926
Gimli,Aragorn,28926
Gimli,Éomer,28926
Gimli,Legolas,28926
Peregrin,Elrond,28926
Peregrin,Aragorn,28926
Peregrin,Éomer,28926
Peregrin,Legolas,28926
Elrond,Aragorn,28926
Elrond,Éomer,28926
Elrond,Legolas,28926
Aragorn,Éomer,28926
Aragorn,Legolas,28926
Éomer,Legolas,28926
Gandalf,Sauron,28956
Sam,Frodo,28958
Pippin,Imrahil,28960
Saruman,Sauron,28982
Elrond,Amroth,29020
Elrond,Imrahil,29020
Amroth,Imrahil,29020
Beregond,Frodo,29024
Beregond,Gandalf,29024
Beregond,Pippin,29024
Beregond,Imrahil,29024
Frodo,Gandalf,29024
Frodo,Pippin,29024
Frodo,Imrahil,29024
Gandalf,Pippin,29024
Gandalf,Imrahil,29024
Pippin,Imrahil,29024
Beregond,Pippin,29040
Pippin,Merry,29069
Pippin,Denethor,29069
Pippin,Aragorn,29069
Merry,Denethor,29069
Merry,Aragorn,29069
Denethor,Aragorn,29069
Sam,Frodo,29070
Hamfast,Samwise,29072
Frodo,Shelob,29084
Frodo,Shagrat,29084
Shelob,Shagrat,29084
Gorbag,Shagrat,29101
Gorbag,Shagrat,29163
Gorbag,Shagrat,29164
Gorbag,Sam,29169
Sam,Frodo,29207
Gorbag,Shagrat,29246
Gorbag,Shagrat,29288
Nazgûl,Shagrat,29309
Sam,Shagrat,29317
Sam,Shagrat,29323
Sam,Shagrat,29344
Sam,Shagrat,29350
Sam,Frodo,29427
Sam,Frodo,29440
Sam,Frodo,29449
Sam,Frodo,29461
Sam,Frodo,29480
Sam,Frodo,29499
Sam,Frodo,29503
Sam,Frodo,29511
Sam,Frodo,29521
Sam,Frodo,29532
Sam,Frodo,29545
Gorbag,Sam,29578
Sam,Frodo,29583
Sam,Frodo,29584
Sam,Frodo,29593
Sam,Faramir,29619
Sam,Frodo,29623
Sam,Galadriel,29649
Sam,Frodo,29654
Sam,Frodo,29679
Sam,Frodo,29684
Sam,Frodo,29689
Sam,Frodo,29694
Sam,Frodo,29709
Sam,Shagrat,29717
Sam,Frodo,29739
Sam,Frodo,29751
Sam,Frodo,29764
Sam,Frodo,29780
Sam,Frodo,29788
Gorbag,Shagrat,29792
Sam,Frodo,29795
Sam,Frodo,29807
Sam,Frodo,29836
Sam,Frodo,29851
Sam,Faramir,29855
Sam,Frodo,29863
Sam,Frodo,29874
Sam,Frodo,29888
Sam,Frodo,29972
Sam,Frodo,29987
Sam,Shelob,29987
Sam,Gollum,29987
Frodo,Shelob,29987
Frodo,Gollum,29987
Shelob,Gollum,29987
Sam,Frodo,29988
Sam,Frodo,30000
Sam,Frodo,30011
Sam,Frodo,30029
Sam,Frodo,30031
Sam,Frodo,30035
Sam,Frodo,30042
Sam,Frodo,30043
Frodo,Gollum,30061
Sam,Frodo,30064
Sam,Frodo,30085
Sam,Frodo,30118
Sam,Frodo,30141
Sam,Frodo,30153
Sam,Frodo,30170
Frodo,Gandalf,30173
Sam,Frodo,30187
Sam,Frodo,30276
Sam,Faramir,30276
Frodo,Faramir,30276
Sam,Frodo,30316
Sam,Frodo,30351
Sam,Frodo,30365
Sam,Frodo,30368
Sam,Frodo,30371
Sam,Frodo,30379
Sam,Frodo,30413
Sam,Frodo,30419
Frodo,Gollum,30437
Sam,Gollum,30440
Sam,Frodo,30453
Sam,Gollum,30453
Frodo,Gollum,30453
Sam,Gollum,30488
Sam,Frodo,30513
Sam,Gollum,30536
Sam,Frodo,30547
Gollum,Gandalf,30571
Gandalf,Sauron,30601
Gandalf,Aragorn,30610
Meneldor,Gandalf,30615
Sam,Frodo,30618
Sam,Frodo,30622
Sam,Frodo,30628
Sam,Frodo,30630
Sam,Gandalf,30668
Gandalf,Sauron,30681
Sam,Frodo,30694
Sam,Galadriel,30694
Frodo,Galadriel,30694
Frodo,Samwise,30706
Sam,Frodo,30716
Sam,Frodo,30721
Sam,Aragorn,30723
Sam,Frodo,30725
Sam,Frodo,30729
Sam,Frodo,30736
Frodo,Gandalf,30737
Sam,Frodo,30741
Frodo,Gandalf,30744
Frodo,Bilbo,30744
Gandalf,Bilbo,30744
Éomer,Gimli,30745
Éomer,Legolas,30745
Éomer,Gandalf,30745
Éomer,Imrahil,30745
Gimli,Legolas,30745
Gimli,Gandalf,30745
Gimli,Imrahil,30745
Legolas,Gandalf,30745
Legolas,Imrahil,30745
Gandalf,Imrahil,30745
Peregrin,Merry,30751
Pippin,Merry,30759
Pippin,Gandalf,30759
Pippin,Frodo,30759
Pippin,Gimli,30759
Pippin,Sam,30759
Pippin,Legolas,30759
Merry,Gandalf,30759
Merry,Frodo,30759
Merry,Gimli,30759
Merry,Sam,30759
Merry,Legolas,30759
Gandalf,Frodo,30759
Gandalf,Gimli,30759
Gandalf,Sam,30759
Gandalf,Legolas,30759
Frodo,Gimli,30759
Frodo,Sam,30759
Frodo,Legolas,30759
Gimli,Sam,30759
Gimli,Legolas,30759
Sam,Legolas,30759
Sam,Frodo,30760
Pippin,Frodo,30763
Pippin,Merry,30763
Frodo,Merry,30763
Gandalf,Bilbo,30772
Gimli,Pippin,30775
Gimli,Frodo,30775
Gimli,Sam,30775
Pippin,Frodo,30775
Pippin,Sam,30775
Frodo,Sam,30775
Sam,Frodo,30798
Éomer,Théoden,30860
Éomer,Faramir,30860
Théoden,Faramir,30860
Éowyn,Merry,30888
Éowyn,Faramir,30888
Merry,Faramir,30888
Merry,Faramir,30889
Éowyn,Faramir,30896
Éowyn,Amroth,30903
Éowyn,Finduilas,30903
Amroth,Finduilas,30903
Éowyn,Faramir,30905
Merry,Faramir,30945
Éowyn,Faramir,30949
Elendil,Aragorn,30950
Éowyn,Faramir,30960
Éowyn,Faramir,30981
Éowyn,Húrin,30991
Éowyn,Faramir,30991
Húrin,Faramir,30991
Éomer,Gandalf,30995
Éomer,Imrahil,30995
Gandalf,Imrahil,30995
Húrin,Faramir,31008
Faramir,Aragorn,31009
Isildur,Valandil,31013
Isildur,Elendil,31013
Isildur,Elessar,31013
Isildur,Aragorn,31013
Valandil,Elendil,31013
Valandil,Elessar,31013
Valandil,Aragorn,31013
Elendil,Elessar,31013
Elendil,Aragorn,31013
Elessar,Aragorn,31013
Eärnur,Faramir,31017
Faramir,Aragorn,31022
Frodo,Gandalf,31023
Frodo,Faramir,31023
Frodo,Aragorn,31023
Gandalf,Faramir,31023
Gandalf,Aragorn,31023
Faramir,Aragorn,31023
Húrin,Elessar,31025
Húrin,Faramir,31025
Elessar,Faramir,31025
Beregond,Faramir,31038
Faramir,Aragorn,31039
Éomer,Aragorn,31040
Éowyn,Elrond,31045
Éowyn,Faramir,31045
Elrond,Faramir,31045
Gimli,Legolas,31048
Gimli,Aragorn,31048
Legolas,Aragorn,31048
Frodo,Gandalf,31052
Frodo,Aragorn,31052
Gandalf,Aragorn,31052
Gandalf,Bilbo,31053
Pippin,Frodo,31054
Pippin,Gandalf,31054
Frodo,Gandalf,31054
Gandalf,Aragorn,31057
Gandalf,Aragorn,31058
Gandalf,Aragorn,31067
Gandalf,Nimloth,31086
Nimloth,Aragorn,31094
Glorfindel,Arwen,31102
Glorfindel,Erestor,31102
Glorfindel,Elrond,31102
Glorfindel,Galadriel,31102
Glorfindel,Celeborn,31102
Arwen,Erestor,31102
Arwen,Elrond,31102
Arwen,Galadriel,31102
Arwen,Celeborn,31102
Erestor,Elrond,31102
Erestor,Galadriel,31102
Erestor,Celeborn,31102
Elrond,Galadriel,31102
Elrond,Celeborn,31102
Galadriel,Celeborn,31102
Frodo,Gandalf,31103
Arwen,Elessar,31106
Arwen,Aragorn,31106
Elessar,Aragorn,31106
Arwen,Frodo,31108
Frodo,Aragorn,31109
Arwen,Bilbo,31113
Arwen,Elrond,31113
Bilbo,Elrond,31113
Éomer,Théoden,31119
Éomer,Gimli,31129
Éomer,Glóin,31129
Gimli,Glóin,31129
Éomer,Gimli,31131
Théoden,Merry,31141
Pippin,Gandalf,31142
Pippin,Shadowfax,31142
Pippin,Frodo,31142
Pippin,Gimli,31142
Pippin,Aragorn,31142
Pippin,Legolas,31142
Pippin,Samwise,31142
Gandalf,Shadowfax,31142
Gandalf,Frodo,31142
Gandalf,Gimli,31142
Gandalf,Aragorn,31142
Gandalf,Legolas,31142
Gandalf,Samwise,31142
Shadowfax,Frodo,31142
Shadowfax,Gimli,31142
Shadowfax,Aragorn,31142
Shadowfax,Legolas,31142
Shadowfax,Samwise,31142
Frodo,Gimli,31142
Frodo,Aragorn,31142
Frodo,Legolas,31142
Frodo,Samwise,31142
Gimli,Aragorn,31142
Gimli,Legolas,31142
Gimli,Samwise,31142
Aragorn,Legolas,31142
Aragorn,Samwise,31142
Legolas,Samwise,31142
Elrond,Arwen,31143
Elrond,Galadriel,31143
Elrond,Amroth,31143
Elrond,Celeborn,31143
Arwen,Galadriel,31143
Arwen,Amroth,31143
Arwen,Celeborn,31143
Galadriel,Amroth,31143
Galadriel,Celeborn,31143
Amroth,Celeborn,31143
Théoden,Thengel,31144
Elessar,Aragorn,31146
Théoden,Thengel,31152
Helm,Théoden,31153
Théoden,Merry,31156
Éowyn,Éomer,31161
Fréa,Fengel,31162
Fréa,Helm,31162
Fréa,Théoden,31162
Fréa,Baldor,31162
Fréa,Déor,31162
Fréa,Brego,31162
Fréa,Goldwine,31162
Fréa,Folcwine,31162
Fréa,Aldor,31162
Fréa,Walda,31162
Fréa,Folca,31162
Fréa,Thengel,31162
Fréa,Gram,31162
Fengel,Helm,31162
Fengel,Théoden,31162
Fengel,Baldor,31162
Fengel,Déor,31162
Fengel,Brego,31162
Fengel,Goldwine,31162
Fengel,Folcwine,31162
Fengel,Aldor,31162
Fengel,Walda,31162
Fengel,Folca,31162
Fengel,Thengel,31162
Fengel,Gram,31162
Helm,Théoden,31162
Helm,Baldor,31162
Helm,Déor,31162
Helm,Brego,31162
Helm,Goldwine,31162
Helm,Folcwine,31162
Helm,Aldor,31162
Helm,Walda,31162
Helm,Folca,31162
Helm,Thengel,31162
Helm,Gram,31162
Théoden,Baldor,31162
Théoden,Déor,31162
Théoden,Brego,31162
Théoden,Goldwine,31162
Théoden,Folcwine,31162
Théoden,Aldor,31162
Théoden,Walda,31162
Théoden,Folca,31162
Théoden,Thengel,31162
Théoden,Gram,31162
Baldor,Déor,31162
Baldor,Brego,31162
Baldor,Goldwine,31162
Baldor,Folcwine,31162
Baldor,Aldor,31162
Baldor,Walda,31162
Baldor,Folca,31162
Baldor,Thengel,31162
Baldor,Gram,31162
Déor,Brego,31162
Déor,Goldwine,31162
Déor,Folcwine,31162
Déor,Aldor,31162
Déor,Walda,31162
Déor,Folca,31162
Déor,Thengel,31162
Déor,Gram,31162
Brego,Goldwine,31162
Brego,Folcwine,31162
Brego,Aldor,31162
Brego,Walda,31162
Brego,Folca,31162
Brego,Thengel,31162
Brego,Gram,31162
Goldwine,Folcwine,31162
Goldwine,Aldor,31162
Goldwine,Walda,31162
Goldwine,Folca,31162
Goldwine,Thengel,31162
Goldwine,Gram,31162
Folcwine,Aldor,31162
Folcwine,Walda,31162
Folcwine,Folca,31162
Folcwine,Thengel,31162
Folcwine,Gram,31162
Aldor,Walda,31162
Aldor,Folca,31162
Aldor,Thengel,31162
Aldor,Gram,31162
Walda,Folca,31162
Walda,Thengel,31162
Walda,Gram,31162
Folca,Thengel,31162
Folca,Gram,31162
Thengel,Gram,31162
Éomer,Théoden,31163
Éowyn,Éomer,31164
Éowyn,Théoden,31164
Éomer,Théoden,31164
Éowyn,Faramir,31166
Éowyn,Faramir,31167
Éowyn,Éomer,31168
Éowyn,Aragorn,31168
Éomer,Aragorn,31168
Arwen,Faramir,31170
Arwen,Imrahil,31170
Arwen,Aragorn,31170
Faramir,Imrahil,31170
Faramir,Aragorn,31170
Imrahil,Aragorn,31170
Éowyn,Meriadoc,31172
Éowyn,Éomer,31172
Éowyn,Merry,31172
Meriadoc,Éomer,31172
Meriadoc,Merry,31172
Éomer,Merry,31172
Éowyn,Merry,31174
Éowyn,Merry,31178
Gimli,Legolas,31180
Treebeard,Gandalf,31188
Treebeard,Gandalf,31192
Treebeard,Aragorn,31197
Treebeard,Gandalf,31202
Treebeard,Merry,31202
Gandalf,Merry,31202
Galadriel,Celeborn,31245
Gimli,Legolas,31247
Treebeard,Galadriel,31255
Treebeard,Celeborn,31255
Galadriel,Celeborn,31255
Galadriel,Celeborn,31259
Pippin,Merry,31261
Pippin,Aragorn,31268
Pippin,Aragorn,31270
Celeborn,Galadriel,31274
Celeborn,Aragorn,31274
Galadriel,Aragorn,31274
Gandalf,Saruman,31282
Saruman,Galadriel,31295
Saruman,Gandalf,31313
Saruman,Wormtongue,31313
Gandalf,Wormtongue,31313
Saruman,Merry,31330
Saruman,Wormtongue,31330
Merry,Wormtongue,31330
Galadriel,Celeborn,31349
Gandalf,Elrond,31350
Frodo,Galadriel,31356
Sam,Elrond,31357
Sam,Frodo,31389
Sam,Elrond,31389
Frodo,Elrond,31389
Pippin,Merry,31401
Pippin,Bilbo,31402
Frodo,Bilbo,31406
Sam,Aragorn,31411
Sam,Frodo,31423
Gandalf,Bilbo,31436
Gandalf,Elrond,31436
Bilbo,Elrond,31436
Frodo,Elrond,31437
Frodo,Gandalf,31445
Pippin,Sam,31474
Pippin,Sam,31475
Gandalf,Butterbur,31524
Gandalf,Barliman,31581
Butterbur,Merry,31614
Sam,Bill,31626
Sam,Bill,31629
Sam,Bill,31651
Frodo,Barliman,31652
Pippin,Gandalf,31656
Pippin,Lotho,31656
Gandalf,Lotho,31656
Merry,Gandalf,31658
Gandalf,Shadowfax,31684
Frodo,Lotho,31707
Pippin,Merry,31716
Pippin,Merry,31717
Merry,Bill,31723
Sam,Bill,31731
Robin,Sam,31816
Sam,Frodo,31834
Frodo,Merry,31844
Pippin,Sam,31845
Pippin,Merry,31845
Sam,Merry,31845
Sam,Frodo,31863
Sam,Merry,31875
Sam,Bill,31880
Pippin,Frodo,31930
Pippin,Merry,31930
Pippin,Sam,31930
Frodo,Merry,31930
Frodo,Sam,31930
Merry,Sam,31930
Frodo,Lotho,31940
Pippin,Frodo,31943
Frodo,Lotho,31950
Pippin,Lotho,31957
Sam,Frodo,32044
Tom,Frodo,32058
Tom,Sam,32058
Frodo,Sam,32058
Frodo,Merry,32075
Peregrin,Lotho,32080
Frodo,Merry,32095
Sam,Frodo,32234
Sam,Frodo,32238
Sam,Frodo,32239
Pippin,Merry,32283
Meriadoc,Peregrin,32293
Pippin,Sam,32295
Pippin,Merry,32295
Sam,Merry,32295
Frodo,Merry,32296
Pippin,Frodo,32301
Pippin,Merry,32301
Pippin,Sam,32301
Frodo,Merry,32301
Frodo,Sam,32301
Merry,Sam,32301
Sam,Frodo,32331
Merry,Lotho,32348
Merry,Saruman,32355
Gandalf,Saruman,32372
Saruman,Wormtongue,32396
Saruman,Wormtongue,32399
Frodo,Saruman,32400
Sam,Frodo,32404
Frodo,Saruman,32409
Frodo,Wormtongue,32422
Saruman,Wormtongue,32432
Saruman,Wormtongue,32443
Frodo,Wormtongue,32444
Pippin,Fredegar,32459
Frodo,Lotho,32469
Pippin,Merry,32473
Sam,Frodo,32499
Sam,Frodo,32520
Sam,Frodo,32523
Pippin,Merry,32524
Sam,Frodo,32525
Sam,Frodo,32527
Sam,Frodo,32538
Pippin,Merry,32541
Sam,Frodo,32544
Sam,Frodo,32547
Meriadoc,Peregrin,32548
Meriadoc,Sam,32548
Peregrin,Sam,32548
Sam,Frodo,32552
Sam,Frodo,32557
Sam,Frodo,32563
Sam,Frodo,32565
Sam,Frodo,32568
Sam,Frodo,32569
Sam,Bilbo,32570
Sam,Frodo,32573
Sam,Frodo,32579
Sam,Bilbo,32579
Frodo,Bilbo,32579
Sam,Frodo,32584
Frodo,Bilbo,32586
Frodo,Bilbo,32595
Sam,Frodo,32597
Sam,Frodo,32598
Sam,Frodo,32599
Sam,Bill,32599
Frodo,Bill,32599
Sam,Frodo,32603
Sam,Frodo,32613
Elrond,Sam,32614
Elrond,Galadriel,32614
Sam,Galadriel,32614
Elrond,Galadriel,32619
Sam,Frodo,32631
Pippin,Merry,32645
Pippin,Goldilocks,32645
Merry,Goldilocks,32645
Galadriel,Elrond,32650
Sam,Frodo,32651
Sam,Bilbo,32651
Frodo,Bilbo,32651
Frodo,Gandalf,32656
Pippin,Merry,32659
Sam,Gandalf,32663
Pippin,Frodo,32666
Pippin,Merry,32666
Pippin,Galadriel,32666
Pippin,Sam,32666
Frodo,Merry,32666
Frodo,Galadriel,32666
Frodo,Sam,32666
Merry,Galadriel,32666
Merry,Sam,32666
Galadriel,Sam,32666
Pippin,Merry,32671
Pippin,Merry,32674
