page_id	protest_id	protest_location	protest_start	protest_end	protest_subject	protest_participants	protest_time	protest_description	protest_urls
1	6730	London, England - happened?	Tuesday, October 19, 2021	- Present	Subject(s): Local - Monument - Robert Geffyre, History - Slavery	Participant(s): Unclear	Time: Continuous	Description: Boycott of Museum of the Home over statue of Geffrye, who made money from slave trade	Source(s):##https://www.hackneycitizen.co.uk/2021/10/19/campaigners-museum-boycott-calls-teachers-families-join-slaver-statue/
1	4538	Minneapolis, MN	Friday, June 5, 2020	- Present	Subject(s): General - Police Brutality	Participant(s): 15	Time: Continuous	"Description: ""Say Their Names"" symbolic cemetery of 100 Black people killed by police"	Source(s):##https://www.minneapolis.org/support-black-lives/38th-and-chicago/##https://theconversation.com/black-deaths-matter-the-centuries-old-struggle-to-memorialize-slaves-and-victims-of-racism-140613##https://www.mndaily.com/article/2020/06/say-their-names-cemetery##https://twitter.com/TwinCityReports/status/1272286571929178112##https://twitter.com/TwinCityReports/status/1272718480148660224
1	2948	Minneapolis, MN	Tuesday, May 26, 2020	- Present	Subject(s): George Floyd	Participant(s): Hundreds-Thousands (est.)	Time: Continuous	Description: Makeshift memorial at site where Floyd was killed	Source(s):##https://twitter.com/bengarvin/status/1267291981266530305##https://twitter.com/stribrooks/status/1266005779158568963##https://twitter.com/OmarJimenez/status/1265394526379806720
1	6754	Minneapolis, MN	Saturday, February 5, 2022		Subject(s): Amir Locke, Local - Law Enforcement - Ofc. Mark Hanneman, Local - Law Enforcement - Minneapolis Police Department	Participant(s): 1000+	Time: Afternoon	Description: Response to killing of Locke by police in raid; attended by Locke's father & other family	Source(s):##https://www.startribune.com/protest-of-police-killing-of-amir-locke-draws-hundreds-to-minneapolis/600143527/##https://www.startribune.com/outrage-and-protests-continue-over-death-of-amir-locke/600143607/##https://www.mprnews.org/story/2022/02/05/photos-protesters-march-in-downtown-minneapolis-calling-for-justice-for-amir-locke
1	6755	Minneapolis, MN	Friday, February 4, 2022		Subject(s): Amir Locke, Local - Law Enforcement - Ofc. Mark Hanneman, Local - Law Enforcement - Minneapolis Police Department	Participant(s): Dozens	Time: Evening	Description: Car caravan throught city w/ stop at bldg where police killed Locke	Source(s):##https://minnesota.cbslocal.com/2022/02/05/car-caravan-rolls-through-downtown-minneapolis-in-protest-of-amir-locke-killing/##https://twitter.com/AdamDuxter/status/1489756085418397704##(thread)
1	6753	Chicago, IL	Thursday, February 3, 2022		Subject(s): Laquan McDonald, Local - Law Enforcement - Ofc. Jason Van Dyke	Participant(s): 1000	Time: Afternoon-Evening	Description: Against release of Van Dyke; nine arrested included McDonald's grandmother & Jacob Blake's uncle; outside Dirksen Federal Courthouse	Source(s):##https://chicago.suntimes.com/crime/2022/2/3/22916955/protesters-arrested-calling-federal-charges-van-dyke-shut-down-entire-city-of-chicago##https://www.chicagotribune.com/news/criminal-justice/ct-jason-van-dyke-released-laquan-mcdonald-20220204-xj67bhcnrrfsxgmdcr6dajk3fi-story.html
1	6751	Brunswick, GA	Wednesday, November 24, 2021		"Subject(s): Ahmaud Arbery, Travis McMichael, Gregory McMichael, William ""Roddie"" Bryan"	Participant(s): 100+ (est.)	Time: Morning-Afternoon	Description: Outside Glynn County Courthouse during McMichael/Bryan trial; included march around courthouse after guilty verdicts read	Source(s):##https://www.11alive.com/article/news/crime/ahmaud-arbery/closing-arguments-to-wrap-death-of-ahmaud-arbery-trial/77-941169ab-5b55-408d-a94e-5e295d6b43fd##https://www.wsbtv.com/news/local/activists-hold-impromptu-march-calling-guilty-verdicts-arbery-trial-historical-victory/GGBE7EGZ65HTPBGHBZETE7U5QU/?utm_campaign=snd-autopilot
1	6749	Brunswick, GA	Tuesday, November 23, 2021		"Subject(s): Ahmaud Arbery, Travis McMichael, Gregory McMichael, William ""Roddie"" Bryan"	Participant(s): 100+	Time: Evening	Description: Outside Glynn County Courthouse during jury deliberations	Source(s):##https://www.news4jax.com/news/local/2021/11/23/group-prays-for-ahmaud-arberys-family-jurors-community/##https://www.sacbee.com/news/nation-world/national/article256100732.html
1	6748	Boston, MA	Monday, November 22, 2021		Subject(s): Kyle Rittenhouse, Legal System - Acquittal, Black Lives Matter Activist/Protester, Joseph Rosenbaum, Anthony Huber, Gaige Grosskreutz, Local - Law Enforcement - Boston Police Department	Participant(s): 12	Time: Afternoon	Description: No details included for this demonstration.	Source(s):##https://www.bostonglobe.com/2021/11/22/metro/another-example-bias-rally-against-rittenhouse-verdict-planned-outside-mass-state-house-monday-afternoon/
1	6745	Brunswick, GA	Monday, November 22, 2021		"Subject(s): Ahmaud Arbery, Travis McMichael, Gregory McMichael, William ""Roddie"" Bryan"	Participant(s): Dozens	Time: Unclear	Description: Outside Glynn County Courthouse during McMicheal/Bryan trial; included New Black Panther Party	Source(s):##https://www.news4jax.com/news/local/2021/11/22/activists-rally-outside-glynn-county-courthouse-as-closing-arguments-begin-in-arbery-death-trial/##https://thebrunswicknews.com/news/local_news/new-black-panther-party-holds-rally-outside-courthouse/article_9a02f660-eb8e-58da-956a-be662169e4fd.html
1	6752	Kenosha, WI	Sunday, November 21, 2021		Subject(s): Kyle Rittenhouse, Legal System - Acquittal, Black Lives Matter Activist/Protester, Joseph Rosenbaum, Anthony Huber, Gaige Grosskreutz, Local - Kenosha	Participant(s): 100	Time: Unclear	Description: No details included for this demonstration.	Source(s):##https://www.kenoshanews.com/watch-now-marchers-protest-rittenhouse-verdict-in-kenosha/video_2c0cba43-c71a-5872-8291-ad68efa5e9d2.html##https://www.kenoshanews.com/news/local/watch-now-protesters-against-rittenhouse-verdict-seek-federal-investigation-jacob-blakes-uncle-says-president-sold/article_0128f4aa-c9da-5eb1-ba15-8daf5499ad54.html
1	6747	Boston, MA	Saturday, November 20, 2021		Subject(s): Kyle Rittenhouse, Legal System - Acquittal, Black Lives Matter Activist/Protester, Joseph Rosenbaum, Anthony Huber, Gaige Grosskreutz	Participant(s): Dozens	Time: Unclear	Description: No details included for this demonstration.	Source(s):##https://boston.cbslocal.com/2021/11/20/boston-protest-kyle-rittenhouse-verdict/
1	6746	Brunswick, GA	Friday, November 19, 2021		"Subject(s): Ahmaud Arbery, Travis McMichael, Gregory McMichael, William ""Roddie"" Bryan"	Participant(s): Unclear	Time: Afternoon	Description: Outside Glynn County Courthouse during McMicheal/Bryan trial	Source(s):##https://www.npr.org/2021/11/20/1057684529/rittenhouse-verdict-disappoints-outside-courthouse-of-arbery-trial
1	6741	Madison, WI	Friday, November 19, 2021		Subject(s): Kyle Rittenhouse, Legal System - Acquittal, Black Lives Matter Activist/Protester, Joseph Rosenbaum, Anthony Huber, Gaige Grosskreutz	Participant(s): 50	Time: Evening	Description: No details included for this demonstration.	Source(s):##https://madison.com/wsj/news/local/crime-and-courts/rittenhouse-acquittal-draws-criticism-at-penn-park-gathering-as-madison-police-mobilize-for-protests/article_8163a9e2-a30d-5aee-80db-4427d6288416.html
1	6740	Portland, OR	Friday, November 19, 2021		Subject(s): Kyle Rittenhouse, Legal System - Acquittal, Black Lives Matter Activist/Protester, Joseph Rosenbaum, Anthony Huber, Gaige Grosskreutz	Participant(s): 200	Time: Evening	Description: No details included for this demonstration.	Source(s):##https://www.koin.com/news/protests/portland-protests-kyle-rittenhouse-verdict-11192021/##https://www.kgw.com/article/news/local/riot-portland-rittenhouse-verdict/283-d46ce346-c450-4e67-a53b-d5a79a551306
1	6739	Chicago, IL	Friday, November 19, 2021		Subject(s): Kyle Rittenhouse, Legal System - Acquittal, Black Lives Matter Activist/Protester, Joseph Rosenbaum, Anthony Huber, Gaige Grosskreutz	Participant(s): 50	Time: Evening	Description: No details included for this demonstration.	Source(s):##https://chicago.suntimes.com/2021/11/19/22792257/kyle-rittenhouse-verdict-chicago-protests-lightfoot-pritzker##https://www.chicagotribune.com/news/breaking/ct-downtown-rittenhouse-protests-20211120-a7o63kt2n5dmfa36pg4vjywfly-story.html
1	6738	New York, NY	Friday, November 19, 2021		Subject(s): Kyle Rittenhouse, Legal System - Acquittal, Black Lives Matter Activist/Protester, Joseph Rosenbaum, Anthony Huber, Gaige Grosskreutz	Participant(s): 200-300	Time: Evening	Description: In Brooklyn	Source(s):##https://www.nydailynews.com/news/national/ny-kyle-rittenhouse-verdict-protests-20211120-wbue3kbhsjat7b4axzmjufqdva-story.html##https://newyork.cbslocal.com/2021/11/20/kyle-rittenhouse-verdict-protest-new-york-city/##https://nypost.com/2021/11/20/nyc-protests-in-response-to-kyle-rittenhouse-not-guilty-verdict/
1	6742	Brunswick, GA	Thursday, November 18, 2021		"Subject(s): Ahmaud Arbery, Travis McMichael, Gregory McMichael, William ""Roddie"" Bryan"	Participant(s): Hundreds	Time: Afternoon	"Description: Outside Glynn County Courthouse during McMicheal/Bryan trial; led by Black pastors 1 wk after defense atty complained about ""Black pastors"" in the courtroom"	Source(s):##https://thebrunswicknews.com/news/local_news/hundreds-of-pastors-rally-at-courthouse/article_0b7967b0-a3c2-5873-a841-dfa53e7e4462.html
1	6737	Kenosha, WI	Thursday, November 18, 2021		Subject(s): Kyle Rittenhouse, Black Lives Matter Activist/Protester, Black Lives Matter Demonstration - Previous	Participant(s): Unclear	Time: Morning-Evening	Description: Former Ferguson police officer attended with	Source(s):##https://wgntv.com/news/emotions-boil-over-as-rittenhouse-demonstrators-collide-once-more/
1	6743	Brunswick, GA	Wednesday, November 17, 2021		"Subject(s): Ahmaud Arbery, Travis McMichael, Gregory McMichael, William ""Roddie"" Bryan"	Participant(s): 100	Time: Morning	Description: Outside Glynn County Courthouse during McMicheal/Bryan trial	Source(s):##https://thebrunswicknews.com/news/local_news/prayer-rally-held-outside-courthouse-for-second-day/article_275afda1-03c0-5657-aeb2-77ec842caa2c.html
2	6736	Kenosha, WI	Wednesday, November 17, 2021		Subject(s): Kyle Rittenhouse, Black Lives Matter Activist/Protester, Black Lives Matter Demonstration - Previous	Participant(s): Unclear	Time: Morning-Evening	Description: No details included for this demonstration.	Source(s):##https://www.wisn.com/article/two-protesters-arrested-outside-kenosha-county-courthouse-for-fighting/38285401
2	6735	Kenosha, WI	Tuesday, November 16, 2021		Subject(s): Kyle Rittenhouse, Black Lives Matter Activist/Protester, Black Lives Matter Demonstration - Previous	Participant(s): 20+ (est.)	Time: Morning-Evening	Description: No details included for this demonstration.	Source(s):##https://www.kenoshanews.com/news/local/watch-now-protesters-abundant-outside-kenosha-county-courthouse-tuesday-civility-not-so-much/article_d2b9709d-a2a5-581c-9e6b-b4fd920f5b2d.html
2	6750	Brunswick, GA	Sunday, November 14, 2021		"Subject(s): Ahmaud Arbery, Travis McMichael, Gregory McMichael, William ""Roddie"" Bryan"	Participant(s): 75	Time: Unclear	Description: Held by Arbery's aunt Thea Brooks; day before jury selection in McMichael/Bryan trial	Source(s):##https://www.wjcl.com/article/pre-trial-prayer-vigil-held-for-ahmaud-arbery-in-glynn-co-sunday/37984569##https://coastalcourier.com/news/video-prayer-vigil-held-eve-arbery-case-jury-selection/
2	6744	Brunswick, GA	Thursday, November 11, 2021		"Subject(s): Ahmaud Arbery, Travis McMichael, Gregory McMichael, William ""Roddie"" Bryan"	Participant(s): Unclear	Time: Morning-Evening (est.)	Description: Outside Glynn County Courthouse during McMicheal/Bryan trial	Source(s):##https://www.wsbtv.com/news/georgia/jury-hears-testimony-owner-home-where-ahmaud-arbery-was-last-seen-alive/KWGD56QW4ZD3BAGC2HECMVS3YQ/
2	6731	Renton, WA	Monday, November 8, 2021		Subject(s): Local - Racism/White Supremacy, Local - Business	Participant(s): 15 (est.)	Time: Unclear	Description: No details included for this demonstration.	Source(s):##https://komonews.com/news/local/blm-protesters-march-in-renton-over-racial-profiling-allegations
2	6734	Kenosha, WI	Friday, November 5, 2021		Subject(s): Jacob Blake, Joseph Rosenbaum, Anthony Huber, Kyle Rittenhouse	Participant(s): 20 (est.)	Time: Unclear	Description: Outside courthouse where Rittenhouse's trial is being held	Source(s):##https://www.cbs58.com/news/supporters-of-jacob-blake-men-killed-by-kyle-rittenhouse-hold-march-and-rally-outside-courthouse
2	6733	Ogden, UT	Thursday, November 4, 2021		Subject(s): School - Racism/White Supremacy, School - Weber State University	Participant(s): 30 (est.)	Time: Unclear	Description: In response to White supremacist posters on campus	Source(s):##http://signpost.mywebermedia.com/2021/11/04/protesting-for-campus-change-2/
2	6732	Salt Lake City, UT	Thursday, November 4, 2021		Subject(s): Local - Government - Mayor Erin Mendenhall, Local - Organization - Community Advocates Group (CAG), Local - Police Reform	Participant(s): 50	Time: Afternoon	Description: No details included for this demonstration.	Source(s):##https://www.ksl.com/article/50276904/recall-mendenhall-black-lives-matter-utah-demands-more-police-reform-from-slc-mayor
2	6724	Kenosha, WI	Monday, November 1, 2021		Subject(s): Kyle Rittenhouse, Joseph Rosenbaum, Anthony Huber, Jacob Blake	Participant(s): 20	Time: Morning	Description: Outside Rittenhouse's trial; attended by Jacob Blake's uncle Justin Blake	Source(s):##https://www.wuwm.com/2021-11-02/blake-family-members-protest-outside-kenosha-courthouse-during-jury-selection-in-rittenhouse-trial##https://www.kenoshanews.com/news/local/numbers-small-but-opinions-strong-early-outside-courthouse-as-rittenhouse-trial-begins/article_0a49850c-9cf1-5e7d-b7d8-71b3c9ed345e.html
2	6728	Cleveland, OH	Friday, October 22, 2021		Subject(s): Local - Legislation/Policy - Issue 24, Local - Law Enforcement - Cleveland Police Department, Local - Police Reform - Civilian Oversight	Participant(s): Dozens	Time: Unclear	Description: No details included for this demonstration.	Source(s):##https://www.news5cleveland.com/news/local-news/group-rallies-for-police-reform-ahead-of-safer-cleveland-ballot-initiative
2	6726	Pittsburgh, PA	Friday, October 22, 2021		Subject(s): Jim Rogers, Local - Law Enforcement - Pittsburgh Police Department	Participant(s): Dozens	Time: Evening	Description: In response to Rogers dying after a police officer tased him; attended by Rogers' family	Source(s):##https://pittsburgh.cbslocal.com/2021/10/22/rally-death-of-jim-justice-tased-pittsburgh-police/
2	6729	Waukegan, IL	Wednesday, October 20, 2021		Subject(s): Marcellis Stinnette, Local - Law Enforcement - Ofc. Dante Salinas, Local - Law Enforcement - Waukegan Police Department	Participant(s): 24	Time: Unclear	Description: Led by Stinnette's family	Source(s):##https://www.chicagotribune.com/suburbs/lake-county-news-sun/ct-lns-police-shooting-protest-st-1022-20211021-p3e5fpkoyzgmzjfx3blphok7ti-story.html
2	6727	Sharon Hill, PA	Sunday, October 17, 2021		Subject(s): Fanta Bility, Local - Law Enforcement - Sharon Hill Police Department	Participant(s): 50	Time: Unclear	Description: In response to police allegedly shooting & killing 8-year-old Fanta Bility	Source(s):##https://www.inquirer.com/news/fanta-bility-shot-sharon-hill-police-protest-20211017.html
2	6616	Rome, GA	Friday, October 8, 2021		Subject(s): Local - Education - Coosa High School, Local - Racism/White Supremacy	Participant(s): Unclear	Time: Morning-Afternoon	Description: At Coosa High School; student-led protest in response student racism & alleged discrimination by school administration	Source(s):##https://kesq.com/news/2021/10/09/high-school-students-claim-they-were-suspended-for-planning-protest-of-rebel-flag/
2	6614	Essex Junction, VT	Tuesday, October 5, 2021		Subject(s): Local - Government - Essex Westford School Board, Local - Racism/White Supremacy, Local - Black Lives Matter Movement	Participant(s): 30	Time: Evening	Description: No details included for this demonstration.	Source(s):##https://www.wcax.com/2021/10/06/people-rally-essex-junction-following-school-board-meeting/
2	6615	Normal, IL	Monday, October 4, 2021		Subject(s): Jelani Day, Local - Art - Mural, Local - Government - Normal Town Council	Participant(s): 30 (est.)	Time: Evening	Description: Against council's decision to remove artwork of Day	Source(s):##https://www.wglt.org/local-news/2021-10-04/jelani-day-art-removal-brings-strong-emotions-to-normal-council-chambers##https://www.facebook.com/events/2032789303563691
2	6613	Johnson City, TN	Friday, October 1, 2021		Subject(s): Jared Benjamin Lafer, Black Lives Matter Protester/Activist	Participant(s): 30	Time: Evening	Description: Against grand jury decision not to indict Lafer who ran over BLM protester	Source(s):##https://easttennessean.com/2021/10/03/protest-held-after-charges-dropped-against-jared-lafer/##https://www.johnsoncitypress.com/news/black-lives-matter-demonstrators-march-through-downtown/article_f7057c76-22e1-11ec-ad59-5b423ccc8d40.html##https://www.instagram.com/p/CUbcYvRIuka/
2	6612	Mapleton, MN	Friday, October 1, 2021		Subject(s): School - Racism/White Supremacy	Participant(s): 1	Time: Evening	Description: Mother held Black Lives Matter sign at football game after son experienced racism at school; sign ripped from her hands	Source(s):##https://www.mankatofreepress.com/news/local_news/blm-sign-ripped-from-womans-hands-at-maple-river-game-police-intervene/article_09a0050a-252f-11ec-84a5-cb65d8abfacb.html
2	6725	San Francisco, CA	Friday, September 24, 2021		Subject(s): Haitian Migrants, Federal - Biden Administration, Customs and Border Patrol (CBP)	Participant(s): 50	Time: Unclear	Description: Against treatment of Haitian migrants by US/Mexico border by CBP	Source(s):##https://peninsulapress.com/2021/10/18/protest-in-san-francisco-criticizes-treatment-of-haitian-migrants-at-mexico-u-s-border/
2	3826	Richmond, VA	Wednesday, June 3, 2020	- Wednesday, September 8, 2021	Subject(s): George Floyd, General - Police Brutality	Participant(s): Unclear	Time: Continuous	Description: Repeated defacement of Robert E. Lee monument on Monument Ave; statue removed on 9/8/21	Source(s):##https://richmond.com/news/this-statue-represents-division-the-nations-largest-confederate-statue-no-longer-stands-on-monument-avenue/article_08094df8-591e-5f84-b1fa-8b5d99c49522.html##https://www.npr.org/2020/06/12/876124924/in-richmond-va-protestors-transform-a-confederate-statue##https://twitter.com/parthhkotak/status/1271838290593878016
3	6618	Atlantic City, NJ	Saturday, September 4, 2021		Subject(s): Local - Art - Mural, Local - Racism/White Supremacy, General - Voter Suppression, General - Police Brutality	Participant(s): 15+ (est.)	Time: Afternoon	Description: No details included for this demonstration.	Source(s):##https://pressofatlanticcity.com/news/local/photos-labor-day-weekend-black-lives-matter-rally-on-atlantic-city-boardwalk/collection_0e7fc636-0de3-11ec-8253-bf1f124e12af.html##https://pressofatlanticcity.com/gallery/black-lives-matter-protest-on-the-atlantic-city-boardwalk/collection_e76d706d-56b8-51bb-8117-61ebf183d165.html##https://www.nj.com/atlantic/2020/09/black-lives-matter-painted-across-atlantic-city-street-as-officials-activists-come-together.html##https://wpgtalkradio.com/atlantic-city-activist-steve-young-we-are-black-and-we-are-back/
3	6617	Lovingston, VA	Saturday, September 4, 2021		Subject(s): 15-year-old student, Local - Law Enforcement - Nelson County Sheriff's Office (NCSO)	Participant(s): 50	Time: Afternoon	Description: In response to violent arrest of 15 year-old student by NCSO	Source(s):##https://newsadvance.com/news/local/education/photos-demonstrators-take-to-the-streets-of-lovingston-to-demand-justice-for-15-year-old/collection_9de7ed3c-0daf-11ec-93f1-67f20e4a4f75.html#12
3	6619	Washington, DC	Friday, September 3, 2021		Subject(s): An’Twan Gilmore, Local - Law Enforcement - Ofc. Enis Jevric, Local - Law Enforcement - Metropolitan Police Department of the District of Columbia (MPD)	Participant(s): 150	Time: Evening	Description: No details included for this demonstration.	Source(s):##https://dcist.com/story/21/09/04/antwan-gilmore-george-watson-dc-march/##https://www.popville.com/2021/09/protest-for-antwan-gilmore-9-3/
3	6621	Washington, DC	Thursday, September 2, 2021		Subject(s): Local - School - Lancaster High School, Local - Racism/White Supremacy	Participant(s): 20+	Time: Unclear	Description: No details included for this demonstration.	Source(s):##https://www.lancastereaglegazette.com/story/news/2021/09/02/lancaster-high-school-students-peacefully-protest-bullying-racism/5694971001/
3	6620	Washington, DC	Thursday, August 26, 2021		Subject(s): An’Twan Gilmore, Local - Law Enforcement - Ofc. Enis Jevric, Local - Law Enforcement - Metropolitan Police Department of the District of Columbia (MPD)	Participant(s): 40+ (est.)	Time: Evening	Description: No details included for this demonstration.	Source(s):##https://www.popville.com/2021/08/antwan-gilmore-dc-protest/
3	6438	Louisville, KY	Sunday, August 1, 2021		Subject(s): Ta’Neasha Chappell, Local - Prison/Jail - Jackson County Jail	Participant(s): 50+	Time: Evening	Description: No details included for this demonstration.	Source(s):##https://www.wdrb.com/news/several-protests-held-for-louisville-woman-who-died-while-in-custody-at-jackson-county-jail/article_c56a02ac-f336-11eb-81dc-4be880ff2fcf.html##https://www.wave3.com/2021/08/02/i-think-it-was-staged-protesters-march-through-louisville-faith-event-pastor-disagrees-with-demonstration/
3	6439	Louisville, KY	Saturday, July 31, 2021		Subject(s): Ta’Neasha Chappell, Local - Prison/Jail - Jackson County Jail	Participant(s): 30-50 (est.)	Time: Evening	Description: No details included for this demonstration.	Source(s):##https://www.wave3.com/2021/08/01/protesters-demand-answers-jackson-county-jail-after-woman-dies/
3	6411	Tarrant, AL	Thursday, July 22, 2021		Subject(s): Local - Government - City Councilman John “Tommy” Bryant, Local - Racism/White Supremacy	Participant(s): 12	Time: Unclear	Description: No details included for this demonstration.	Source(s):##https://www.al.com/news/2021/07/black-lives-matter-naacp-activists-protest-tarrant-councilmans-use-of-n-word.html
3	6408	Chapel Hill, NC	Monday, July 12, 2021		Subject(s): Local - College/University - UNC Chapel Hill, Local - Law Enforcement - UNC Police Department, Local - Racism/White Supremacy	Participant(s): 30	Time: Unclear	Description: At UNC-Chapel Hill	Source(s):##https://www.newsobserver.com/news/local/education/article252726043.html
3	6409	New Haven, CT	Sunday, July 11, 2021		Subject(s): Local - Education - New Haven Public Schools, Local - Education - New Haven Board of Education, Local - Education - Supt. Iline Tracey, Local - Racism/White Supremacy	Participant(s): 30 (est.)	Time: Unclear	Description: No details included for this demonstration.	Source(s):##https://www.newhavenindependent.org/index.php/archives/entry/board_of_ed_rally/
3	6407	Hampton, VA	Saturday, July 10, 2021		Subject(s): Local - Intracommunity Violence, Local - Gun Violence	Participant(s): 25	Time: Evening	Description: No details included for this demonstration.	Source(s):##https://www.dailypress.com/news/dp-nw-blm-757-community-violence-protest-20210711-26o4sbp4inctpfqoyg37zyotfm-story.html
3	6410	Sudbury, Ontario, Canada	Friday, July 9, 2021		Subject(s): Local - Law Enforcement - Greater Sudbury Police Service	Participant(s): 40 (est.)	Time: Unclear	Description: 1 yr anniversary of Black Lives Matter Sudbury	Source(s):##https://northernontario.ctvnews.ca/black-lives-matter-marks-one-year-in-sudbury-1.5504336
3	6406	Mount Laurel, NJ	Monday, July 5, 2021		Subject(s): Local - Racism/White Supremacy	Participant(s): 150+	Time: Evening	"Description: After White man dared Black man to ""come see me"" while yelling racist attacks, protesters went to his house"	Source(s):##https://www.inquirer.com/news/new-jersey/mount-laurel-racist-ran-police-video-viral-20210705.html##https://nj1015.com/racist-rant-triggers-angry-protest-in-mt-laurel/
3	6402	Providence, RI	Saturday, July 3, 2021		Subject(s): Local - Law Enforcement - Providence Police Department, Local - Police Brutality	Participant(s): 150+	Time: Evening	"Description: In response to police forced used at ""Sayles Street brawl"""	Source(s):##https://www.providencejournal.com/story/news/local/2021/07/03/im-really-tired-protesters-pan-police-sayles-street-response/7853748002/##https://upriseri.com/sayles-st-defund-the-police-rally/
3	6405	Sarasota, FL	Thursday, July 1, 2021		Subject(s): Ofc. John Clancy, Ofc. Paul Gagnon, Local - Law Enforcement - Sarasota Police Department, Local - Police Brutality	Participant(s): 30	Time: Evening	Description: No details included for this demonstration.	Source(s):##https://www.heraldtribune.com/story/news/local/sarasota/2021/07/02/protesters-want-more-accountability-less-profiling-sarasota-police/5371232001/
3	6401	Potsdam, NY	Thursday, July 1, 2021		Subject(s): General - Police Brutality, Local - Police Brutality	Participant(s): 25	Time: Evening	Description: No details included for this demonstration.	Source(s):##https://www.wwnytv.com/2021/07/01/blm-potsdam-founder-passes-torch-new-leaders/##https://www.nny360.com/news/stlawrencecounty/rallying-for-racial-justice-in-potsdam/article_4ab40a10-cbbf-5f42-8d9a-a47572088724.html
3	6417	Minneapolis, MN	Friday, June 4, 2021	- Saturday, June 5, 2021	Subject(s): Winston Smith, Local - Law Enforcement	Participant(s): 27	Time: Evening	Description: No details included for this demonstration.	Source(s):##https://www.startribune.com/protests-continue-into-night-after-fatal-uptown-shooting-minneapolis-winston-smith-police/600064603/##https://www.startribune.com/third-night-of-protests-underway-in-uptown/600065030/
3	6415	Minneapolis, MN	Saturday, June 5, 2021		Subject(s): Winston Smith, Local - Law Enforcement - Hennepin County Sheriff's Office, Local - Law Enforcement - Ramsey County Sheriff's Office	Participant(s): 100+ (est.)	Time: Evening	Description: Included rally at site where officers killed Smith	Source(s):##https://www.startribune.com/third-night-of-protests-underway-in-uptown/600065030/
3	6414	North Bergen, NJ - verify	Saturday, June 5, 2021		Subject(s): TBD	Participant(s): TBD	Time: Afternoon	Description: No details included for this demonstration.	Source(s):##https://hudsoncountyview.com/black-lives-matter-rally-coming-to-north-hudson-for-second-year-in-a-row-tomorrow/
3	6413	Henrico, VA	Saturday, June 5, 2021		Subject(s): Local - Law Enforcement - Henrico County Police Department, General - Law Enforcement	Participant(s): Dozens	Time: Afternoon	Description: Following county decision to not create civilian review board over police	Source(s):##https://www.wric.com/news/local-news/henrico-county/protesters-march-in-henrico-against-the-decision-to-scrap-civilian-review-board-plan/]\##https://www.nbc12.com/2021/06/05/black-lives-matter-804-calls-justice-rally-henrico/##https://www.instagram.com/p/CO09mHMDDNG/
4	6412	Detroit, MI	Saturday, June 5, 2021		Subject(s): Local - Law Enforcement - Detroit Police Department, Local - Location - 8 Mile Road, Local - Police Brutality	Participant(s): 100+	Time: Afternoon	Description: No details included for this demonstration.	Source(s):##https://www.freep.com/story/news/local/michigan/detroit/2021/06/05/racial-profiling-protest-8-mile-detroit/7552406002/
4	6421	Kansas City, MO	Friday, June 4, 2021		Subject(s): Local - Law Enforcement - Kansas City Police Department, Local - Police Brutality	Participant(s): 50+ (est.)	Time: Evening	Description: 1yr anniversary of protests; included families of people killed by local police	Source(s):##https://www.kmbc.com/article/protesters-hold-friday-night-march-protest-in-front-of-kcpd-headquarters/36636578
4	6416	Minneapolis, MN	Friday, June 4, 2021		Subject(s): Winston Smith, Local - Law Enforcement	Participant(s): 100 (est.)	Time: Afternoon-Evening	Description: Included vigil at site where Smith was killed by police	Source(s):##https://www.startribune.com/family-of-man-shot-and-killed-by-police-holds-rally/600064747/
4	6418	New York, NY	Wednesday, June 2, 2021		Subject(s): George Floyd, General - Police Brutality	Participant(s): Dozens	Time: Evening	Description: In Manhattan/Upper East Side, 1 anniversary of daily marches after Floyd's murder	Source(s):##https://patch.com/new-york/upper-east-side-nyc/ues-black-lives-matter-group-marks-1-year-nightly-vigils##https://www.instagram.com/p/CPnsz4LD9vz/
4	6422	Fayetteville, NC	Tuesday, June 1, 2021		Subject(s): Andrew Brown, Solidarity - Elizabeth City, Local - Law Enforcement	Participant(s): 40+	Time: Afternoon	Description: Attended by sister Daunte Wright, who was killed by police in Minnesota	Source(s):##https://www.fayobserver.com/story/news/2021/06/02/fayetteville-activists-faith-leaders-rally-solidarity-elizabeth-city-andrew-brown-death/5289993001/
4	6403	Potsdam, NY	Tuesday, June 1, 2021		Subject(s): Local - Law Enforcement, General - Police Brutality	Participant(s): 30+	Time: Evening	Description: 1-year anniversary of BLM Potsdam	Source(s):##https://www.northcountrypublicradio.org/news/story/43875/20210603/on-potsdam-black-lives-matter-anniversary-residents-seek-police-accountability##https://www.nny360.com/news/stlawrencecounty/one-year-later-potsdam-black-lives-matter-rallies-again/article_218576ce-c896-5a1f-b168-42b7c1c52ee2.html
4	6420	Beverly Hills, CA	Monday, May 31, 2021		Subject(s): David Schwartzman, Local - Location - Baldwin Hills Crenshaw Mall	Participant(s): 30+ (est.)	Time: Afternoon	Description: No details included for this demonstration.	Source(s):##https://patch.com/california/beverlyhills/protestors-gather-outside-beverly-hills-ceo-home
4	6419	Winchester, MA	Tuesday, May 25, 2021		Subject(s): George Floyd, General - Racism/White Supremacy, General - Black Lives Matter Movement	Participant(s): 100+	Time: Unclear	Description: Student-led walkout at Acera School; included 9m 29s of silent kneeling to reflect time officer knelt on Floyd's neck	Source(s):##http://homenewshere.com/daily_times_chronicle/news/winchester/article_a6e013ac-c312-11eb-a7cc-27f529fe5ddd.html
4	6326	New York, NY	Sunday, May 23, 2021		Subject(s): George Floyd, General - Police Brutality	Participant(s): 200	Time: Unclear	Description: In Brooklyn, 2 days before 1 yr anniversary of Floyd's murder; led by Al Sharpton, attended by Floyd's brother Terrence	Source(s):##https://www.twincities.com/2021/05/24/george-floyds-family-holds-rally-march-in-brothers-memory/
4	6325	Minneapolis, MN	Sunday, May 23, 2021		Subject(s): George Floyd, General - Police Brutality	Participant(s): Hundreds	Time: Unclear	Description: 2 days before 1 yr anniversary of Floyd's murder; attended by Floyd's family, elected officials & civil rights leaders	Source(s):##https://www.twincities.com/2021/05/24/george-floyds-family-holds-rally-march-in-brothers-memory/##https://www.kmov.com/news/hundreds-march-in-minneapolis-to-mark-1st-anniversary-of-george-floyds-death/article_b5bc8e3e-84a4-544b-af9f-2f981332adad.html##https://www.startribune.com/families-civil-rights-leaders-reflect-on-one-year-since-george-floyd-s-killing/600060500/
4	6024	Elizabeth City, NC	Monday, April 26, 2021		Subject(s): Andrew Brown Jr., Pasquotank County Sheriff's Office, CA Michael Cox	Participant(s): 300	Time: Evening	Description: Included march to Cox's house & shutdown of bridge to Camden County	Source(s):##https://www.wavy.com/news/north-carolina/protesters-shut-down-bridge-in-elizabeth-city-following-fatal-deputy-involved-shooting-of-andrew-brown-jr/
4	6023	Elizabeth City, NC	Monday, April 26, 2021		Subject(s): Andrew Brown Jr., Pasquotank County Sheriff's Office	Participant(s): 30-50 (est.)	Time: Afternoon	Description: Shutdown bridge to Camden County	Source(s):##https://www.wavy.com/news/north-carolina/protesters-shut-down-bridge-in-elizabeth-city-following-fatal-deputy-involved-shooting-of-andrew-brown-jr/##https://twitter.com/KaylaGaskinsTV/status/1386722018834489350
4	6032	Columbus, OH	Sunday, April 25, 2021		Subject(s): Ma'Khia Bryant, Local - Law Enforcement - Columbus Police Department	Participant(s): 30-50 (est.)	Time: Afternoon	Description: Vigil led by faith leaders across from Columbus police HQ	Source(s):##https://www.dispatch.com/story/news/2021/04/25/protests-continue-sunday-columbus-makhia-bryant/7377610002/
4	6031	Columbus, OH	Sunday, April 25, 2021		Subject(s): Ma'Khia Bryant, Local - Law Enforcement - Columbus Police Department	Participant(s): Unclear	Time: Afternoon	"Description: ""Pint Sized Protesters"" rally w/ families & young children"	Source(s):##https://www.dispatch.com/story/news/2021/04/25/protests-continue-sunday-columbus-makhia-bryant/7377610002/##https://columbusfreepress.com/article/crocs-makhia-bryant-statehouse
4	6030	Columbus, OH	Sunday, April 25, 2021		Subject(s): Ma'Khia Bryant, George Floyd, Casey Goodson Jr., Andre Hill, Tyre King, Local - Law Enforcement - Columbus Police Department, General - Police Brutality	Participant(s): 200	Time: Afternoon-Evening	Description: No details included for this demonstration.	Source(s):##https://www.dispatch.com/story/news/2021/04/25/protests-continue-sunday-columbus-makhia-bryant/7377610002/
4	6028	Elizabeth City, NC	Sunday, April 25, 2021		Subject(s): Andrew Brown Jr., Pasquotank County Sheriff's Office	Participant(s): 50 (est.)	Time: Afternoon	Description: No details included for this demonstration.	Source(s):##https://www.wavy.com/news/north-carolina/elizabeth-city-pasquotank-public-schools-to-go-on-full-remote-schedule-through-friday/
4	6033	Columbus, OH	Saturday, April 24, 2021		Subject(s): Ma'Khia Bryant, Local - Law Enforcement - Columbus Police Department	Participant(s): 100+	Time: Afternoon	Description: Wore Crocs shoes as Bryant was wearing in video of her killing	Source(s):##https://www.10tv.com/article/news/local/protesters-gather-outside-ohio-statehouse-wearing-crocs-in-honor-of-makhia-bryant/530-ffe8213d-bc21-4bcf-856c-d1ac09cf832d##https://columbusfreepress.com/article/crocs-makhia-bryant-statehouse
4	6027	Elizabeth City, NC	Saturday, April 24, 2021		Subject(s): Andrew Brown Jr., Pasquotank County Sheriff's Office	Participant(s): Dozens	Time: Evening	Description: Protested in the rain for 2+ hours	Source(s):##https://www.wral.com/andrew-brown-family-attorney-says-family-will-be-able-to-view-bodycam-footage-monday-as-community-leaders-call-for-public-releas/19644273/
4	6025	Elizabeth City, NC	Friday, April 23, 2021		Subject(s): Andrew Brown Jr., Pasquotank County Sheriff's Office	Participant(s): 200	Time: Afternoon-Evening	Description: Included shutdown of bridge to Camden County	Source(s):##https://www.wavy.com/news/north-carolina/protests-continue-for-third-day-after-law-enforcement-killing-of-andrew-brown-in-elizabeth-city/##https://www.newsobserver.com/news/local/article250903639.html
4	6020	Albany, NY	Saturday, April 17, 2021	- Thursday, April 22, 2021	Subject(s): Albany Police Department, Local - Police Brutality	Participant(s): 60+ (est.)	Time: Continuous	Description: 6-day occupation outside police South State in response to violence against protesters by Albany police; ended in police using violence to clear occupation	Source(s):##https://www.timesunion.com/news/article/Albany-police-forcibly-take-back-South-Station-16121010.php##https://wnyt.com/albany-new-york-news/albany-police-and-protesters-clash-south-station/6083627/##https://wnyt.com/news/south-station-protests-continue-for-5th-day-protesters-react-to-chauvin-verdict/6081889/##https://twitter.com/jennseeligtv/status/1383915569200590851
5	6018	Elizabeth City, NC	Thursday, April 22, 2021		Subject(s): Andrew Brown Jr., Pasquotank County Sheriff's Office	Participant(s): 100	Time: Unclear	Description: No details included for this demonstration.	Source(s):##https://www.wtkr.com/news/protest-for-release-of-body-cam-footage-in-andrew-browns-death-planned-in-elizabeth-city##https://www.wnct.com/news/north-carolina/protest-planned-for-2nd-night-in-elizabeth-city-community-demands-release-of-body-camera-in-fatal-officer-involved-shooting/
5	6021	Duluth, MN	Wednesday, April 21, 2021		Subject(s): Daunte Wright, Ofc. Kim Potter	Participant(s): Unclear	Time: Evening	"Description: ""Flowers for Daunte"" vigil at Clayton Jackson Mcghee Memorial; handed out care packages"	Source(s):##https://www.fox21online.com/2021/04/21/flowers-for-daunte-wright-held-at-cjm-memorial/
5	6017	Elizabeth City, NC	Wednesday, April 21, 2021		Subject(s): Andrew Brown Jr., Pasquotank County Sheriff's Office	Participant(s): 200	Time: Evening	Description: Hours after Brown was fatally shot by a sheriff's deputies	Source(s):##https://www.newsobserver.com/news/state/north-carolina/article250843094.html
5	6029	Miami, FL	Tuesday, April 20, 2021		Subject(s): Ma’Khia Bryant, Outside - Law Enforcement - Columbus Police Department	Participant(s): 12+	Time: Evening	Description: No details included for this demonstration.	Source(s):##https://www.miamiherald.com/news/local/community/miami-dade/downtown-miami/article250897449.html
5	6026	Raleigh, NC	Tuesday, April 20, 2021		Subject(s): Andrew Brown Jr., Pasquotank County Sheriff's Office	Participant(s): 100	Time: Evening	Description: No details included for this demonstration.	Source(s):##https://www.newsobserver.com/news/local/article250903639.html
5	6016	Columbus, OH	Tuesday, April 20, 2021		Subject(s): Ma'Khia Bryant, Local - Law Enforcement - Columbus Police Department	Participant(s): 50	Time: Evening	Description: Impromptu gathering at site where Bryant was fatally shot by a Columbus police officer	Source(s):##https://www.dispatch.com/story/news/crime/2021/04/20/one-person-killed-officer-involved-shooting-east-side/7309088002/
5	6015	New York, NY	Tuesday, April 20, 2021		Subject(s): Daunte Wright, Adam Toledo (Non-Black), General - Police Brutality, George Floyd, Ofc. Derek Chauvin, Legal - Conviction	Participant(s): 50+ (est.)	Time: Evening	"Description: In Manhattan/Harlem; ""peace walk"" in remembrance of police brutality victims; also a response to conviction of Chauvin after verdict was read"	Source(s):##https://www.ny1.com/nyc/queens/news/2021/04/21/after-guilty-chauvin-verdict--protesters-march--relieved-and-cautious##https://twitter.com/DanCohenNYC/status/1384671401748189184##https://twitter.com/AlexLJanin/status/1384622993939345410##https://twitter.com/ShannanFerry/status/1384624946677178369##https://twitter.com/lynchfornyc7/status/1383149320166313985
5	6013	Las Vegas, NV	Tuesday, April 20, 2021		Subject(s): George Floyd, Ofc. Derek Chauvin, Legal - Conviction	Participant(s): 15-20 (est.)	Time: Evening	Description: No details included for this demonstration.	Source(s):##https://www.8newsnow.com/news/local-news/las-vegas-locals-visitors-react-to-derek-chauvin-verdict/##https://www.reviewjournal.com/crime/homicides/chauvin-guilty-verdict-hailed-as-victory-for-justice-in-southern-nevada-2334328/
5	6012	San Diego, CA	Tuesday, April 20, 2021		Subject(s): George Floyd, Ofc. Derek Chauvin, Legal - Conviction	Participant(s): 100	Time: Evening	Description: No details included for this demonstration.	Source(s):##https://www.sandiegouniontribune.com/news/public-safety/story/2021-04-20/small-group-of-demonstrators-march-through-downtown-san-diego-after-chauvin-verdict
5	6011	Columbus, OH	Tuesday, April 20, 2021		Subject(s): George Floyd, Ofc. Derek Chauvin, Legal - Conviction, Ma'Khia Bryant, Local - Law Enforcement - Columbus Police Department	Participant(s): 200	Time: Evening	Description: Started as response to conviction of Chauvin for murdering Floyd; developed into protest of Columbus police killing Bryant	Source(s):##https://www.dispatch.com/story/news/2021/04/20/chauvin-verdict-met-happiness-and-hope-downtown-columbus/7307326002/
5	6010	Grand Rapids, MI	Tuesday, April 20, 2021		Subject(s): George Floyd, Ofc. Derek Chauvin, Legal - Conviction, General - Police Brutality	Participant(s): 30	Time: Evening	Description: No details included for this demonstration.	Source(s):##https://www.mlive.com/news/grand-rapids/2021/04/still-need-to-fight-for-justice-grand-rapids-protesters-say-after-murder-conviction-in-george-floyd-death.html
5	6009	Salt Lake City, UT	Tuesday, April 20, 2021		Subject(s): George Floyd, Ofc. Derek Chauvin, Legal - Conviction, Local - Police Brutality	Participant(s): 300	Time: Evening	Description: March to mural of people killed by police	Source(s):##https://www.sltrib.com/news/2021/04/20/utah-leaders-call-calm/##https://kutv.com/news/local/march-in-downtown-salt-lake-city-after-ex-cop-found-guilty-of-george-floyds-murder
5	6008	Milwaukee, WI	Tuesday, April 20, 2021		Subject(s): George Floyd, Ofc. Derek Chauvin, Legal - Conviction	Participant(s): 50+ (est.)	Time: Afternoon-Evening	Description: Attended by Maria Hamilton, mother of Dontre Hamilton who was killed by Milwaukee police in 2014	Source(s):##https://www.tmj4.com/news/local-news/dozens-march-in-milwaukee-in-support-of-george-floyd-following-derek-chauvin-verdict
5	6007	Pittsburgh, PA	Tuesday, April 20, 2021		Subject(s): George Floyd, Ofc. Derek Chauvin, Legal - Conviction, General - Police Brutality	Participant(s): 150	Time: Evening	Description: No details included for this demonstration.	Source(s):##https://www.publicsource.org/chauvin-guilty-verdict-murder-george-floyd-pittsburgh-bittersweet/##https://www.wesa.fm/2021-04-20/dozens-gather-at-freedom-corner-as-jury-finds-chauvin-guilty-on-all-three-charges##https://www.wpxi.com/news/top-news/community-activists-march-through-downtown-honoring-life-george-floyd/KX2U5Y2ANRDFPFNHAKJ6X7QUF4/
5	6006	New York, NY	Tuesday, April 20, 2021		Subject(s): George Floyd, Ofc. Derek Chauvin, Legal - Conviction	Participant(s): 500	Time: Afternoon-Evening	Description: In Brooklyn; rally, march in response to conviction of Chauvin for murdering Floyd	Source(s):##https://www.lohud.com/story/news/2021/04/21/brooklyn-george-floyd-march-walk-across-manhattan-bridge/7314921002/
5	6005	Minneapolis, MN	Tuesday, April 20, 2021		Subject(s): George Floyd, Ofc. Derek Chauvin, Legal - Conviction	Participant(s): 600	Time: Afternoon-Evening	Description: Rally in response to conviction of Chauvin for murdering Floyd	Source(s):##https://www.startribune.com/at-george-floyd-square-verdict-relieves-tensions-of-a-long-year/600048317/
5	6004	Minneapolis, MN	Tuesday, April 20, 2021		Subject(s): George Floyd, Ofc. Derek Chauvin, Legal - Conviction	Participant(s): 1000+	Time: Evening	Description: March downtown following conviction of Chauvin for murdering Floyd	Source(s):##https://www.startribune.com/minneapolis-streets-erupt-in-elation-over-guilty-verdicts-for-derek-chauvin/600048215/
5	6003	Minneapolis, MN	Tuesday, April 20, 2021		Subject(s): George Floyd, Ofc. Derek Chauvin, Legal - Conviction	Participant(s): Hundreds	Time: Afternoon-Evening	Description: Outside Hennepin County Government Center; in response to conviction of Chauvin for murdering Floyd	Source(s):##https://www.startribune.com/minneapolis-streets-erupt-in-elation-over-guilty-verdicts-for-derek-chauvin/600048215/
5	6019	Charleston, SC	Sunday, April 18, 2021		Subject(s): Daunte Wright, Adam Toledo (Non-Black), General - Police Brutality	Participant(s): Hundreds	Time: Afternoon-Evening	Description: No details included for this demonstration.	Source(s):##https://www.counton2.com/news/local-news/leader-of-local-advocacy-group-arrested-after-holding-downtown-protest-which-police-say-was-without-permit/##https://www.counton2.com/news/local-news/protesters-call-for-justice-end-to-police-inequality-in-downtown-charleston/
5	6014	Bloomington, IL	Sunday, April 18, 2021		Subject(s): Daunte Wright, Adam Toledo (Non-Black), General - Police Brutality	Participant(s): 35	Time: Evening	Description: No details included for this demonstration.	Source(s):##https://www.pantagraph.com/news/local/public_safety/watch-now-bloomington-vigil-calls-for-end-to-police-brutality-remembers-victims/article_c1bf0982-bad3-53e6-9da6-234d48c321af.html
6	6000	Raleigh, NC	Sunday, April 18, 2021		Subject(s): Daunte Wright, General - Police Brutality	Participant(s): 300	Time: Evening	Description: Laid out banner surrounded by items incl. air fresheners (police pulled Wright over in part for having air freshners in his car)	Source(s):##https://www.dailytarheel.com/article/2021/04/city-durham-raleigh-vigil-protest
6	5989	Wausau, WI	Sunday, April 18, 2021		Subject(s): General - Police Brutality	Participant(s): 15	Time: Unclear	Description: No details included for this demonstration.	Source(s):##https://wsau.com/2021/04/18/small-black-lives-matter-demonstration-in-wausau/
6	5983	Cambridge, MA - Boston, MA	Sunday, April 18, 2021		Subject(s): Daunte Wright	Participant(s): 100+	Time: Evening	Description: March from Massachusetts Institute of Technology (MIT) to Boston Common	Source(s):##https://www.boston.com/news/local-news/2021/04/19/protesters-march-from-cambridge-to-boston-demanding-justice-for-daunte-wright
6	6001	Virginia Beach, VA	Saturday, April 17, 2021		Subject(s): Donovon Lynch, Deshayla Harris, Local - Law Enforcement - Virginia Beach Police Department	Participant(s): 15-20 (est.)	Time: Evening	Description: On what would have been Lynch's 26th birthday	Source(s):##https://www.pilotonline.com/news/vp-nw-757-protest-20210418-j5x2mm7sorb5vb2oagsju6ihnm-story.html
6	5999	Denver, CO	Saturday, April 17, 2021		Subject(s): Daunte Wright, Non Black - Adam Toledo, General - Police Brutality	Participant(s): 100 (est.)	Time: Afternoon	Description: March downtown	Source(s):##https://www.9news.com/article/news/local/protests/2-activist-protest-death-daunte-wright-denver/73-ef04a2e3-1478-46ab-af67-3ac0e967348c##https://denverite.com/2021/04/18/denverites-protest-more-police-killings-as-they-wait-for-the-verdict-in-derek-chauvins-trial/
6	5998	Denver, CO	Saturday, April 17, 2021		Subject(s): Daunte Wright, General - Police Brutality	Participant(s): 300	Time: Afternoon	Description: Rally outside Capitol, march	Source(s):##https://303magazine.com/2021/04/black-lives-matter-protest-april-2021/##https://kdvr.com/news/local/daunte-wright-protesters-march-from-capitol-to-denver-police-station/##https://www.9news.com/article/news/local/protests/2-activist-protest-death-daunte-wright-denver/73-ef04a2e3-1478-46ab-af67-3ac0e967348c
6	5997	Salt Lake City, UT	Saturday, April 17, 2021		Subject(s): Daunte Wright, General - Police Brutality	Participant(s): 50+ (est.)	Time: Afternoon	Description: March frorm Washington Square Park to police dept	Source(s):##https://kutv.com/news/local/saturdays-peaceful-demonstration-marks-a-week-of-protests-in-salt-lake-city##https://dailyutahchronicle.com/2021/04/19/justice-for-daunte-wright-and-all-victims-of-police-terror-protest/
6	5996	Las Vegas, NV	Saturday, April 17, 2021		Subject(s): Daunte Wright, General - Police Brutality, General - Racism/White Supremacy	Participant(s): Unclear	Time: Evening	Description: No details included for this demonstration.	Source(s):##https://www.ktnv.com/news/black-lives-matter-rally-happens-on-las-vegas-strip
6	5995	Stamford, CT	Saturday, April 17, 2021		Subject(s): Daunte Wright,Non Black - Adam Toledo ,General - Police Brutality	Participant(s): 48	Time: Afternoon	Description: No details included for this demonstration.	Source(s):##https://www.stamfordadvocate.com/local/article/Black-lives-really-do-matter-Protesters-16109052.php
6	5994	Fargo, ND	Saturday, April 17, 2021		Subject(s): White Lives Matter, Local - Racism/White Supremacy	Participant(s): 100+ (est.)	Time: Afternoon	Description: Counterprotest to White Lives Matter rally that never materialized	Source(s):##https://www.kvrr.com/2021/04/11/blm-protest-in-response-to-white-lives-matter-flyer/
6	5992	Dayton, OH	Saturday, April 17, 2021		Subject(s): General - Police Brutality, Local - Law Enforcement	Participant(s): 15	Time: Morning	Description: No details included for this demonstration.	Source(s):##https://www.daytondailynews.com/local/black-lives-matter-protests-in-dayton-saturday/ZV7RYZ4OKRDJBDGCHC7WCUZPMU/
6	5991	Grand Blanc, MI	Saturday, April 17, 2021		Subject(s): Daunte Wright, General - Police Brutality	Participant(s): 24+	Time: Unclear	Description: Youth-led	Source(s):##https://nbc25news.com/news/local/grand-blanc-students-lead-black-lives-matter-protest-to-honor-daunte-wright
6	5988	Lindale, TX	Saturday, April 17, 2021		Subject(s): George Floyd, Lindale Student, Lindale Independent School District, Local - Racism/White Supremacy	Participant(s): 6+ (est.)	Time: Unclear	Description: In response to white student making video of herself dressed as a police officer kneeling on someone's kneck	Source(s):##https://www.ktbs.com/news/black-lives-matter-protesters-march-in-lindale-in-response-to-video-mocking-george-floyds-death/article_f0761b86-a0af-11eb-b31c-e39eb7a656a4.html
6	5985	Columbus, OH	Saturday, April 17, 2021		Subject(s): General - Police Brutality	Participant(s): 200	Time: Afternoon	Description: No details included for this demonstration.	Source(s):##https://www.10tv.com/article/news/local/black-lives-matter-protesters-march-in-downtown-columbus/530-3805ba99-5af7-4c5b-bce8-c9cb0e45dd3b##https://abc6onyourside.com/news/local/black-lives-matter-protesters-statehouse-downtown-columbus-4-17-2021
6	5984	Boston, MA	Saturday, April 17, 2021		Subject(s): Daunte Wright, General - Police Brutality	Participant(s): 200	Time: Unclear	Description: No details included for this demonstration.	Source(s):##https://www.wgbh.org/news/local-news/2021/04/17/back-in-boston-protest-against-police-killings-of-black-people-resumes##https://whdh.com/news/hundreds-march-through-boston-to-protest-police-killings/
6	5981	Albany, NY	Saturday, April 17, 2021		Subject(s): Daunte Wright, Adam Toledo (Non-Black), General - Police Brutality	Participant(s): Unclear	Time: Evening	Description: No details included for this demonstration.	Source(s):##https://www.timesunion.com/news/article/Albany-Black-Lives-Matter-protest-to-take-place-16108600.php##https://twitter.com/WAMCNews/status/1383474008557965314
6	6002	Sebastopol, CA	Friday, April 16, 2021		Subject(s): Daunte Wright, General - Police Brutality	Participant(s): 20	Time: Afternoon-Evening	Description: Youth-led	Source(s):##https://www.sonomawest.com/sonoma_west_times_and_news/news/youth-protest-in-sebastopol-against-daunte-wright-s-killing/article_aefdd71e-a179-11eb-aa29-6b9ecb20604b.html
6	5993	Salt Lake City, UT	Friday, April 16, 2021		Subject(s): Daunte Wright, George Floyd, Non Black - Bryan Pena-Valencia, Local - Police Brutality, General - Police Brutality	Participant(s): 50+ (est.)	Time: Unclear	Description: No details included for this demonstration.	Source(s):##https://www.fox13now.com/news/local-news/black-lives-matter-utah-calls-for-justice-through-protest##https://kslnewsradio.com/1946999/black-lives-matter-utah-rally-a-call-for-justice/
6	5990	Kalamazoo, MI	Friday, April 16, 2021		Subject(s): General - Police Brutality	Participant(s): 100	Time: Unclear	"Description: Protest organizer said, ""We’re here to protest for all the Black people whose names we don’t know, for all violence done to them that wasn’t filmed."""	Source(s):##https://wwmt.com/news/local/black-lives-matter-protest-remains-peaceful-as-dozens-demonstrate-in-kalamazoo
6	6022	Duluth, MN	Wednesday, April 14, 2021		Subject(s): Daunte Wright, Ofc. Kim Potter, General - Police Brutality	Participant(s): 100-150	Time: Evening	Description: No details included for this demonstration.	Source(s):##https://www.duluthnewstribune.com/news/6985444-Duluthians-march-in-protest-of-Daunte-Wright-shooting
7	5982	Albany, NY	Wednesday, April 14, 2021		Subject(s): Daunte Wright, General - Police Brutality	Participant(s): 50	Time: Unclear	Description: No details included for this demonstration.	Source(s):##https://www.timesunion.com/news/article/Protesters-police-clash-during-albany-protest-16101726.php
7	5986	Columbus, OH	Tuesday, April 13, 2021		Subject(s): Miles Jackson, Daunte Wright, Casey Goodson Jr., Andre Hill, Columbus Police Department, Local - Police Brutality, General - Police Brutality	Participant(s): 100+	Time: Evening	Description: No details included for this demonstration.	Source(s):##https://www.dispatch.com/story/news/local/2021/04/13/protest-columbus-police-headquarters-leads-clash/7215643002/
7	5980	Brooklyn Center, MN	Tuesday, April 13, 2021		Subject(s): Daunte Wright, Ofc. Kim Potter, Brooklyn Center Police Department, General - Police Brutality, Local - Police Brutality	Participant(s): 800-1000	Time: Afternoon-Evening	Description: Outside Brooklyn Center Police Dept w/ march to and back from FBI office	Source(s):##https://www.startribune.com/protesters-police-clash-for-third-straight-night-in-wake-of-daunte-wright-s-death/600045600/
7	5979	Chicago, IL	Tuesday, April 13, 2021		Subject(s): Daunte Wright, Ofc. Kim Potter, Brooklyn Center Police Department, General - Police Brutality, Local - Police Brutality	Participant(s): 100	Time: Evening	Description: Against killing of Wright by Potter	Source(s):##https://blockclubchicago.org/2021/04/13/downtown-chicago-crowd-marches-in-honor-of-daunte-wright-adam-toledo-and-victims-of-police-violence-this-is-our-problem-too/
7	5987	Westerville, OH	Monday, April 12, 2021		Subject(s): Miles Jackson, Columbus Police Department, Local - Police Brutality	Participant(s): 40-50	Time: Evening	Description: No details included for this demonstration.	Source(s):##https://www.dispatch.com/story/news/local/2021/04/12/police-shooting-reported-st-anns-hospital-circumstances-unclear/7193118002/
7	5957	Brooklyn Center, MN	Monday, April 12, 2021		Subject(s): Daunte Wright, Brooklyn Center Police Department	Participant(s): Hundreds	Time: Evening	Description: At site where Wright was fatally shot by police; vigil; attended by Wright's family; erected a wooden fist sculpture originally at site of George Floyd's death	Source(s):##https://minnesotareformer.com/2021/04/13/mourners-hold-vigil-for-daunte-wright-while-demonstrators-clash-with-police-nearb/
7	5956	Brooklyn Center, MN	Monday, April 12, 2021		Subject(s): Daunte Wright, Brooklyn Center Police Department	Participant(s): Hundreds	Time: Evening	Description: Outside Brooklyn Center police station; after curfew	Source(s):##https://www.mprnews.org/story/2021/04/13/protests-continued-for-a-second-night-as-the-officer-who-killed-daunte-wright-is-identified##https://minnesotareformer.com/2021/04/13/mourners-hold-vigil-for-daunte-wright-while-demonstrators-clash-with-police-nearb/
7	5930	Brooklyn Center, MN	Sunday, April 11, 2021	- Monday, April 12, 2021	Subject(s): Daunte Wright, Brooklyn Center Police Department	Participant(s): 200	Time: Afternoon-Morning	Description: Impromptu demonstration after a Brooklyn Center police officer fatally shot Wright	Source(s):##https://www.startribune.com/brooklyn-center-police-fatally-shoot-man-20-inflaming-tensions-during-the-derek-chauvin-trial/600044821/##https://www.duluthnewstribune.com/news/crime-and-courts/6980376-PHOTOS-Police-clash-with-protesters-in-Brooklyn-Center-after-officer-fatally-shoots-man##https://twitter.com/UR_Ninja/status/1381453062825406465##https://twitter.com/UR_Ninja/status/1381453062825406465
7	3937	Louisville, KY	Friday, June 5, 2020	- Monday, March 15, 2021	Subject(s): Breonna Taylor	Participant(s): Hundreds (est.)	Time: Continuous	Description: Makeshift memorial & near constant presence of protesters for Taylor in Jefferson Square Park; memorial removed by activists on 3/15/22	Source(s):##https://www.wdrb.com/news/breonna-taylor-memorials-removed-from-jefferson-square-park-by-activists/article_7eca5202-85a9-11eb-90ba-4b65e00f16d0.html##https://twitter.com/ladd_sarah/status/1308925790529167360##https://twitter.com/HayesGardner/status/1273370970686984199##https://twitter.com/LRatterman_WDRB/status/1270373374817116161##https://twitter.com/eileenstreet/status/1269030026382659586##https://twitter.com/SpectrumNews1KY/status/1269002027801198594
7	5565	Kenosha, WI	Tuesday, January 5, 2021		Subject(s): Jacob Blake, DA Michael Graveley, Ofc. Rusten Sheskey	Participant(s): 60	Time: Evening	Description: Rally outside County Admin Bldg against Graveley's decision to not charge Sheskey for shooting Blake	Source(s):##https://www.kenoshanews.com/news/local/watch-now-kenosha-protest-march-end-peacefully-tuesday-night/article_a8dbe4d5-f599-524c-a743-72835148424e.html
7	5564	Kenosha, WI	Tuesday, January 5, 2021		Subject(s): Jacob Blake, DA Michael Graveley, Ofc. Rusten Sheskey	Participant(s): 80+ (est.)	Time: Evening	Description: March, car caravan against Graveley's decision not to charge Sheskey for shooting Blake	Source(s):##https://www.kenoshanews.com/news/local/watch-now-kenosha-protest-march-end-peacefully-tuesday-night/article_a8dbe4d5-f599-524c-a743-72835148424e.html
7	5545	Minneapolis, MN	Sunday, January 3, 2021		Subject(s): Dolal Idd, Hennepin County Sheriff's Office	Participant(s): 1000	Time: Afternoon-Evening	Description: No details included for this demonstration.	Source(s):##https://www.startribune.com/hundreds-march-in-protest-of-minneapolis-police-killing/600006494/
7	5555	Wauwatosa, WI	Saturday, January 2, 2021		Subject(s): Local - Black Lives Matter Movement, Local - Police Brutality, Local - Racism/White Supremacy	Participant(s): 200	Time: Unclear	Description: Youth-led, marked 200 days of protest	Source(s):##https://www.wisn.com/article/stand-up-fight-back-protest-hit-streets-of-wauwatosa/35111425
7	5553	Denver, CO	Saturday, January 2, 2021		Subject(s): Black Lives Matter Activist/Protester, General - Black Lives Matter Movement	Participant(s): Dozens	Time: Afternoon	Description: In support of woman told to remove BLM sign from window of her retirement home	Source(s):##https://www.9news.com/article/news/community/cars-rally-for-blm-sign/73-0ccd20ce-cd1e-4276-af16-98f8272a138d
7	5559	Ireland	Friday, January 1, 2021		Subject(s): George Nkencho	Participant(s): 2100 (est.)	Time: Afternoon	Description: Online vigil	Source(s):##https://www.facebook.com/MERJIreland/videos/157103922514466/
7	5558	Dublin, Ireland	Friday, January 1, 2021		Subject(s): George Nkencho	Participant(s): 70 (est.)	Time: Afternoon	Description: No details included for this demonstration.	Source(s):##https://protests.media/black-lives-matter-protesters-in-dublin-hold-vigil-for-george-nkencho/##https://twitter.com/merj_ireland/status/1344986961002508288
7	5557	Galway, Ireland	Friday, January 1, 2021		Subject(s): George Nkencho	Participant(s): 40-50 (est.)	Time: Afternoon	Description: No details included for this demonstration.	Source(s):##https://twitter.com/AxliWrites/status/1345039662960812032##https://twitter.com/merj_ireland/status/1344986961002508288
7	5546	Salem, OR	Friday, January 1, 2021		Subject(s): Local - Racism/White Supremacy, Local - Police Brutality	Participant(s): 100	Time: Unclear	Description: No details included for this demonstration.	Source(s):##https://www.thecentersquare.com/oregon/pick-a-side-oregon-protesters-ring-in-new-years-day-with-ultimatum-for-police/article_d2f75abc-4cad-11eb-ac13-7f40ca9b356f.html
7	5554	Dublin, Ireland	Thursday, December 31, 2020		Subject(s): George Nkencho, Blanchardstown Armed Support Unit	Participant(s): 100+	Time: Morning-Afternoon	Description: No details included for this demonstration.	Source(s):##https://www.irishpost.com/news/protestors-gather-outside-dublin-police-station-after-armed-officers-shoot-dead-black-man-200692
7	4558	Seattle, WA - start date?, blm for real?	Thursday, July 2, 2020	- Thursday, December 31, 2020	Subject(s): General - Police Brutality, General - Law Enforcement, General - Racism/White Supremacy	Participant(s): Unclear	Time: Continuous	Description: Occupation of Seattle Central College front lawn	Source(s):##https://komonews.com/news/project-seattle/homeless-encampment-on-lawn-of-seattle-central-college-stirs-concern
8	5577	Chicago, IL	Sunday, December 27, 2020		Subject(s): Anjanette Young, Chicago Police Department (CPD)	Participant(s): Hundreds	Time: Afternoon	Description: Led by Black women, against improper raid of Young's house by CPD	Source(s):##https://chicago.suntimes.com/2020/12/27/22201974/anjanette-young-black-women-gather-support-botched-police-raid
8	5575	Swampscott, MA	Saturday, December 26, 2020		Subject(s): Donald Trump	Participant(s): 40	Time: Morning	Description: Trump follower coughed & spit on BLM protester	Source(s):##https://www.itemlive.com/2020/12/26/post-christmas-protest-in-swampscott/##https://www.wickedlocal.com/story/swampscott-reporter/2020/12/28/swampscott-man-accused-spitting-blm-supporter/4067589001/
8	5574	Columbus, OH	Thursday, December 24, 2020		Subject(s): Andre Maurice Hill, Ofc. Adam Coy, Columbus Police Department	Participant(s): 100+	Time: Afternoon	Description: Vigil, march in response Hill being shot & killed by Coy	Source(s):##https://www.dispatch.com/story/news/local/2020/12/24/activists-neighbors-gather-cry-justice-andre-hill/4038391001/
8	5576	Pasco, WA	Saturday, December 19, 2020		Subject(s): Brandon Bernard, General - Death Penalty, General - Legal System	Participant(s): 10 (est.)	Time: Afternoon	Description: Against federal execution of Bernard	Source(s):##https://www.yaktrinews.com/pasco-protest-disproportionate-sentencing-counter-protest/
8	5573	West Allis, WI	Friday, December 18, 2020		Subject(s): General - Black Children, General - Racism/White Supremacy	Participant(s): 50	Time: Evening	Description: No details included for this demonstration.	Source(s):##https://www.jsonline.com/story/news/local/milwaukee/2020/12/19/black-lives-matter-supporters-marched-candy-cane-lane-friday-night/3972673001/
8	5592	Los Angeles, CA	Wednesday, December 16, 2020		Subject(s): Mayor Eric Garcetti, President-Elect Joe Biden	Participant(s): 30-50 (est.)	Time: Morning	Description: Celebration after Garcetti not chosen for proposed Biden Cabinet positions	Source(s):##https://twitter.com/theglowingstars/status/1339320316707815424##https://twitter.com/emilyytayylor/status/1339269127664504832##https://twitter.com/nicetryryeguy/status/1339264964175962112
8	5591	Los Angeles, CA	Tuesday, December 15, 2020		Subject(s): Mayor Eric Garcetti, President-Elect Joe Biden	Participant(s): 50 (est.)	Time: Morning-Afternoon	Description: No details included for this demonstration.	Source(s):##https://twitter.com/Chelsea_Spero/status/1338959988094500864##https://twitter.com/Chelsea_Spero/status/1338911706899042304##https://twitter.com/Chelsea_Spero/status/1338907473223151616##https://twitter.com/Chelsea_Spero/status/1338897908960165889##https://twitter.com/Chelsea_Spero/status/1338893985717207040
8	5590	Los Angeles, CA	Monday, December 14, 2020		Subject(s): Mayor Eric Garcetti, President-Elect Joe Biden	Participant(s): 75 (est.)	Time: Morning	Description: No details included for this demonstration.	Source(s):##https://twitter.com/Chelsea_Spero/status/1338558482618859520##https://twitter.com/emilyytayylor/status/1338544252167450624
8	5572	Edina, MN	Monday, December 14, 2020		Subject(s): Casey Goodson, Local - Racism/White Supremacy	Participant(s): 40 (est.)	Time: Evening	Description: No details included for this demonstration.	Source(s):##https://www.fox9.com/news/black-lives-matter-protests-ohio-police-killing-in-edina-minn##https://www.hometownsource.com/sun_current/community/edina/black-lives-matter-protests-in-edina-for-killing-of-ohio-man/article_80320b94-43af-11eb-9066-2bd05c34813f.html
8	5589	Los Angeles, CA	Sunday, December 13, 2020		Subject(s): Mayor Eric Garcetti, President-Elect Joe Biden	Participant(s): 150-200 (est.)	Time: Morning	Description: No details included for this demonstration.	Source(s):##https://twitter.com/josie_huang/status/1338180386254254080
8	5588	Los Angeles, CA	Saturday, December 12, 2020		Subject(s): Mayor Eric Garcetti, President-Elect Joe Biden	Participant(s): 100	Time: Morning	Description: No details included for this demonstration.	Source(s):##https://twitter.com/KtownforAll/status/1337821649228365824##https://twitter.com/emilyytayylor/status/1337816725547433984##https://twitter.com/BLMLA/status/1337810272870756355
8	5578	Columbus, OH	Saturday, December 12, 2020		Subject(s): Casey Goodson Jr., Franklin County Sheriff's Office	Participant(s): 200+	Time: Unclear	Description: No details included for this demonstration.	Source(s):##https://www.wsws.org/en/articles/2020/12/14/good-d14.html
8	5571	Hartford, CT	Saturday, December 12, 2020		Subject(s): Det. Jeffery Plazceck, Hartford Police Department	Participant(s): 6+ (est.)	Time: Unclear	Description: No details included for this demonstration.	Source(s):##https://www.fox61.com/article/news/local/demonstrators-city-councilmembers-protest-deadpool-text-from-hartford-police-detective/520-45c735b2-11b5-4ffc-a485-703998f9169c
8	5570	La Marque, TX	Saturday, December 12, 2020		Subject(s): Joshua Feast, Ofc. Jose Santos, La Marque Police Department	Participant(s): 160 (est.)	Time: Unclear	Description: No details included for this demonstration.	Source(s):##https://www.houstonchronicle.com/news/houston-texas/houston/article/Crowd-demands-justice-in-La-Marque-Police-15797383.php
8	5567	Oklahoma City, OK	Saturday, December 12, 2020		Subject(s): Bennie Edwards, Oklahoma City Police Department	Participant(s): 130+	Time: Evening	Description: No details included for this demonstration.	Source(s):##https://www.normantranscript.com/news/protests-arise-after-the-death-of-bennie-edwards/article_3ac16f18-3d93-11eb-8ae8-a3febd1c4b1f.html
8	5587	Los Angeles, CA	Friday, December 11, 2020		Subject(s): Mayor Eric Garcetti, President-Elect Joe Biden	Participant(s): 30+ (est.)	Time: Morning	Description: Hanukkah celebration/demonstration co-hosted by Jews 4 Black Lives	Source(s):##https://twitter.com/LA_NeverAgain/status/1337468808584282113##https://twitter.com/nicetryryeguy/status/1337452912256012291##https://twitter.com/LA_NeverAgain/status/1337456452642897922##https://twitter.com/BLMLA/status/1337419621566013444
8	5569	Rockdale, TX	Friday, December 11, 2020		Subject(s): Rockdale High School, Local - Racism/White Supremacy	Participant(s): 75 (est.)	Time: Morning	Description: No details included for this demonstration.	Source(s):##https://www.kxxv.com/news/local-news/rockdale-high-school-students-protest-after-racial-verbal-assault-on-black-senior
8	5568	London, England	Friday, December 11, 2020		Subject(s): Metropolitan Police Service	Participant(s): Unclear	Time: Afternoon	Description: Against use of force against Black teen by Tottenham police	Source(s):##https://www.independent.co.uk/news/uk/crime/black-lives-matter-tottenham-police-protest-b1770169.html
8	5566	Oklahoma City, OK	Friday, December 11, 2020		Subject(s): Bennie Edwards, Oklahoma City Police Department	Participant(s): 85-100	Time: Evening	Description: No details included for this demonstration.	Source(s):##https://stateimpact.npr.org/oklahoma/2020/12/11/protest-follows-police-killing-of-oklahoma-city-man/##https://www.normantranscript.com/news/protests-arise-after-the-death-of-bennie-edwards/article_3ac16f18-3d93-11eb-8ae8-a3febd1c4b1f.html
8	5562	Columbus, OH	Friday, December 11, 2020		Subject(s): Casey Goodson Jr., Franklin County Sheriff's Office	Participant(s): 200	Time: Evening	Description: No details included for this demonstration.	Source(s):##https://www.10tv.com/article/news/local/hundreds-protest-for-casey-goodson-in-downtown-columbus/530-84134bee-6a30-441d-8600-e1efa7263ea4
9	5586	Los Angeles, CA	Thursday, December 10, 2020		Subject(s): Mayor Eric Garcetti, President-Elect Joe Biden	Participant(s): 75-100 (est.)	Time: Morning	Description: No details included for this demonstration.	Source(s):##https://twitter.com/kennethmejiaLA/status/1337092617083912192##https://twitter.com/nicetryryeguy/status/1337088789764698115##https://twitter.com/anthonycarrio/status/1337139968242634753##https://twitter.com/BLMLA/status/1336870743460626432
9	5595	Los Angeles, CA	Wednesday, December 9, 2020		Subject(s): Mayor Eric Garcetti, President-Elect Joe Biden, U.S. Secretary of Housing and Urban Development	Participant(s): 100 (est.)	Time: Morning	Description: Celebration/demonstration after person other Garcetti chosen for HUD secretary in Biden admin	Source(s):##https://twitter.com/stxchun/status/1336751540984418304##https://twitter.com/MichelleLhooq/status/1336741633732186112
9	5585	Los Angeles, CA	Tuesday, December 8, 2020		Subject(s): Mayor Eric Garcetti, President-Elect Joe Biden	Participant(s): 80	Time: Morning	Description: No details included for this demonstration.	Source(s):##https://thewash.org/2020/12/08/despite-community-protests-joe-biden-selects-eric-garcetti-to-co-chair-inaugural-committee/##https://www.essence.com/news/politics/block-garcetti-protest-lapd-attack/
9	5508	Notre Dame, IN	Tuesday, December 8, 2020		Subject(s): Casey Goodson Jr., Dep. Jason Meade	Participant(s): 1	Time: Evening	Description: Seth Towns knelt during national anthem prior to game; Towns grew up with Goodson	Source(s):##https://www.10tv.com/article/sports/seth-towns-knee-casey-goodson-jr/530-38b1b066-7c4f-4bf0-ade6-8fb526ba5eed##https://ohiostatebuckeyes.com/wp-content/uploads/2020/12/4ND-Box.pdf
9	5584	Los Angeles, CA	Monday, December 7, 2020		Subject(s): Mayor Eric Garcetti, President-Elect Joe Biden	Participant(s): 200-250 (est.)	Time: Morning	Description: No details included for this demonstration.	Source(s):##https://twitter.com/justrinidad/status/1336017740016963586
9	6152	Hazel Dell, WA	Sunday, December 6, 2020		Subject(s): Kevin Peterson Jr., Clark County Sheriff's Office	Participant(s): 200	Time: Afternoon	Description: No details included for this demonstration.	Source(s):##https://www.oregonlive.com/clark-county/2020/12/demonstrators-gather-in-hazel-dell-northeast-of-vancouver-to-protest-the-police-shooting-of-kevin-peterson-jr.html
9	5563	Los Angeles, CA	Sunday, December 6, 2020		Subject(s): Mayor Eric Garcetti, President-Elect Joe Biden	Participant(s): Unclear	Time: Morning	Description: Outside Garcetti's house	Source(s):##https://www.latimes.com/california/story/2020-12-06/los-angeles-police-converge-on-peaceful-black-lives-matter-protest##https://laist.com/latest/post/20201206/protest-Getty-House-Garcetti-LAPD-arrest-batons##https://twitter.com/BLMLA/status/1335724611481133056
9	5594	Los Angeles, CA	Saturday, December 5, 2020		Subject(s): Mayor Eric Garcetti, President-Elect Joe Biden	Participant(s): 150 (est.)	Time: Morning	Description: No details included for this demonstration.	Source(s):##https://twitter.com/boram/status/1335313486419644416##https://twitter.com/stxchun/status/1335285485921398785
9	5583	Los Angeles, CA	Friday, December 4, 2020		Subject(s): Mayor Eric Garcetti, President-Elect Joe Biden	Participant(s): Unclear	Time: Morning	Description: No details included for this demonstration.	Source(s):##https://losangeles.cbslocal.com/2020/12/04/protesters-mark-11th-day-of-anti-garcetti-protest-outside-his-residence/##https://www.losfelizledger.com/4th-day-of-protests-at-garcettis-home/
9	5582	Los Angeles, CA	Thursday, December 3, 2020		Subject(s): Mayor Eric Garcetti, President-Elect Joe Biden, Local - Law Enforcement, General - Law Enforcement	Participant(s): 100	Time: Morning	Description: No details included for this demonstration.	Source(s):##https://www.dailynews.com/2020/12/03/protests-set-for-10th-straight-day-outside-mayor-garcettis-residence/
9	5580	Los Angeles, CA	Wednesday, December 2, 2020		Subject(s): Mayor Eric Garcetti, President-Elect Joe Biden	Participant(s): Unclear	Time: Morning	Description: No details included for this demonstration.	Source(s):##http://ourweekly.com/news/2020/dec/02/protest-held-outside-mayor-garcettis-home-ninth-co/
9	5593	Los Angeles, CA	Tuesday, December 1, 2020		Subject(s): Mayor Eric Garcetti, President-Elect Joe Biden	Participant(s): Unclear	Time: Morning	Description: No details included for this demonstration.	Source(s):##https://twitter.com/_verticalray_/status/1333883505340604416##https://twitter.com/anthonycarrio/status/1333879887392739328
9	5579	Los Angeles, CA	Monday, November 30, 2020		Subject(s): Mayor Eric Garcetti, Biden Administration	Participant(s): 100-150	Time: Morning	Description: No details included for this demonstration.	Source(s):##https://www.dailynews.com/2020/11/30/protesters-gather-at-garcettis-official-residence-for-7th-day-aiming-to-block-biden-cabinet-role/##https://www.latimes.com/california/story/2020-11-30/black-lives-matter-los-angeles-garcetti-biden-protests
9	6151	Vancouver, WA	Sunday, November 29, 2020		Subject(s): Kevin Peterson Jr., Clark County Sheriff's Office	Participant(s): Unclear	Time: Afternoon	Description: No details included for this demonstration.	Source(s):##https://www.koin.com/news/crime/vancouver-blm-demonstration-draws-counter-protest-1-arrested/##https://www.columbian.com/news/2020/nov/29/armed-groups-argue-after-kevin-peterson-protest-in-downtown-vancouver/
9	5460	Los Angeles, CA	Sunday, November 29, 2020		Subject(s): Mayor Eric Garcetti, President-Elect Joe Biden	Participant(s): 400	Time: Morning	Description: Against Garcetti potentially being appointed to Biden admin; outside Garcetti's official residence	Source(s):##https://www.nbclosangeles.com/news/local/protesters-descend-on-garcettis-house-for-sixth-consecutive-day/2472942/##https://twitter.com/cerisecastle/status/1333095530684026881
9	5461	Los Angeles, CA	Saturday, November 28, 2020		Subject(s): Mayor Eric Garcetti, President-Elect Joe Biden	Participant(s): 50-100	Time: Morning	Description: Against Garcetti potentially being appointed to Biden admin; outside Garcetti's official residence	Source(s):##https://www.losfelizledger.com/4th-day-of-protests-at-garcettis-home/
9	5465	Los Angeles, CA	Friday, November 27, 2020		Subject(s): Mayor Eric Garcetti, President-Elect Joe Biden	Participant(s): 50-100	Time: Morning	Description: Against Garcetti potentially being appointed to Biden admin; outside Garcetti's official residence	Source(s):##https://twitter.com/SpecNews1SoCal/status/1332366281115201537##https://twitter.com/garcettiville/status/1332381348758228994##https://twitter.com/ShotOn35mm/status/1332031874407907328##https://twitter.com/BLMLA/status/1332149857880948736
9	5462	Los Angeles, CA	Thursday, November 26, 2020		Subject(s): Mayor Eric Garcetti, President-Elect Joe Biden	Participant(s): 50-100	Time: Morning	Description: On Thanksgiving; against Garcetti potentially being appointed to Biden admin; outside Garcetti's official residence	Source(s):##https://patch.com/california/los-angeles/black-lives-matter-protests-held-la-mayors-home-4th-day
9	5464	Los Angeles, CA	Wednesday, November 25, 2020		Subject(s): Mayor Eric Garcetti, President-Elect Joe Biden	Participant(s): Unclear	Time: Morning	Description: Against Garcetti potentially being appointed to Biden admin; outside Garcetti's official residence	Source(s):##https://twitter.com/KtownforAll/status/1331646190694191104##https://twitter.com/garcettiville/status/1331638962784374784
9	5463	Los Angeles, CA	Tuesday, November 24, 2020		Subject(s): Mayor Eric Garcetti, President-Elect Joe Biden	Participant(s): 40-50 (est.)	Time: Morning	Description: Against Garcetti potentially being appointed to Biden admin; outside Garcetti's official residence	Source(s):##https://losangeles.cbslocal.com/2020/11/24/black-lives-matter-la-mayor-eric-garcetti-should-not-be-picked-for-biden-administration-position/##https://twitter.com/PplsCityCouncil/status/1331678573585854466##https://twitter.com/PplsCityCouncil/status/1331297780489351168
10	5581	Los Angeles, CA - date wrong? think they mean 11-24	Monday, November 23, 2020		Subject(s): Mayor Eric Garcetti, President-Elect Joe Biden	Participant(s): Dozens	Time: Morning	Description: No details included for this demonstration.	Source(s):##https://sundial.csun.edu/162201/news/activists-protest-against-garcetti-as-potential-candidate-for-bidens-cabinet/
10	5459	Schertz, TX	Tuesday, November 10, 2020		Subject(s): Zekee Rayford, Schertz Police Department, Schertz City Council	Participant(s): 40+	Time: Evening	Description: In response to Shertz police violence against Rayford	Source(s):##https://www.expressnews.com/news/local/article/Black-Lives-Matter-activists-call-for-15716341.php##http://laserfiche.schertzweb.com/Weblink/1/edoc/462005/11-10-2020%20Agenda.pdf
10	5458	Charlotte, NC	Tuesday, November 10, 2020		Subject(s): Local - Art, Local - Racism/White Supremacy	Participant(s): 36	Time: Evening	Description: Against removal of barriers to protect previously vandalized BLM mural	Source(s):##https://www.wbtv.com/2020/11/10/protesters-block-tryon-street-where-black-lives-matter-mural-is-painted-after-it-reopened-traffic/
10	5457	Indianapolis, IN	Tuesday, November 10, 2020		Subject(s): Dreasjon Reed, Ofc. Dejoure Mercer, Spec. Pros. Rosemary Khoury, Local - Law Enforcement - Indianapolis Metropolitan Police Department	Participant(s): Dozens	Time: Evening	Description: In response to decision not to charge Mercer for killing Reed	Source(s):##https://www.wfyi.org/news/articles/protesters-march-downtown-after-grand-jury-doesnt-indict-officer-in-death-of-dreasjon-reed
10	5450	Burlington, WI	Monday, November 9, 2020		Subject(s): Local - Education - Burlington Area School Board, Local - Education - Burlington Area School District, Local - Education - Racism/White Supremacy	Participant(s): 50	Time: Evening	Description: No details included for this demonstration.	Source(s):##https://www.lakegenevanews.net/news/local/protesters-shut-down-burlington-school-board-meeting-amid-calls-for-anti-racism-curriculum/article_a7dba6ef-57e2-546b-83d0-e9d2074a1028.html
10	5455	Eugene, OR	Sunday, November 8, 2020		Subject(s): Joe Biden, Biden Administration	Participant(s): 25	Time: Afternoon	Description: No details included for this demonstration.	Source(s):##https://www.kezi.com/content/news/Black-Unity-hosts-rally-in-Eugene-continues-fight-for-justice-573011331.html
10	5452	Kingston, Ontario, Canada	Sunday, November 8, 2020		Subject(s): Anthony Aust, Abdirahman Abdi, #ENDSARS, General - Police Brutality	Participant(s): 200	Time: Afternoon	Description: In response to Aust dying during SWAT raid	Source(s):##https://www.queensjournal.ca/story/2020-11-09/news/vigil-held-in-memory-of-anthony-aust/
10	5451	Rome, NY	Monday, November 9, 2020	- Sunday, November 8, 2020	Subject(s): Black Lives Matter Protester/Activist	Participant(s): 12	Time: Morning	Description: Against arrest of BLM protesters at previous protest	Source(s):##https://romesentinel.com/stories/small-protest-held-outside-city-court,106420
10	5456	Montréal, Québec, Canada	Saturday, November 7, 2020		Subject(s): Sheffield Matthews, Local - Law Enforcement - Service de police de la Ville de Montréal, Local - Mental Health	Participant(s): 200-500	Time: Afternoon	Description: In Notre-Dame-de-Grâce	Source(s):##https://thelinknewspaper.ca/article/protestors-demand-defunding-of-police-after-killing-of-sheffield-matthews##https://www.cbc.ca/news/canada/montreal/ndg-spvm-black-man-protest-1.5794255
10	5454	Saratoga Springs, NY	Saturday, November 7, 2020		Subject(s): Darryl Mount Jr., Local - Law Enforcement - Saratoga County Sheriff	Participant(s): Hundreds	Time: Afternoon-Evening	Description: 7-hour student-led occupation at Skidmore College	Source(s):##https://www.timesunion.com/news/article/Skidmore-President-seeks-to-protect-students-15711009.php
10	5435	Philadelphia, PA	Wednesday, October 28, 2020		Subject(s): Walter Wallace Jr., Philadelphia Police Department,	Participant(s): 20 (est.)	Time: Afternoon	Description: In West Philadelphia, near/at 18th district police building	Source(s):##https://www.inquirer.com/news/philadelphia/live/philadelphia-police-shooting-walter-wallace-jr-protests-20201028.html
10	5434	Philadelphia, PA	Wednesday, October 28, 2020		Subject(s): Walter Wallace Jr., Philadelphia Police Department	Participant(s): 20	Time: Evening	Description: In Washington Square	Source(s):##https://www.inquirer.com/news/philadelphia/live/philadelphia-police-shooting-walter-wallace-jr-protests-20201028.html
10	5436	New York, NY	Tuesday, October 27, 2020		Subject(s): Walter Wallace Jr., Philadelphia Police Department,	Participant(s): Unclear	Time: Evening	Description: No details included for this demonstration.	Source(s):##https://abc7ny.com/brooklyn-protest-now-walter-wallace-in-riot/7405894/
10	5433	Philadelphia, PA	Monday, October 26, 2020		Subject(s): Walter Wallace Jr., Philadelphia Police Department	Participant(s): Hundreds	Time: Afternoon-Evening	Description: Impromptu demonstration following police shooting & killing Wallace	Source(s):##https://www.phillyvoice.com/fatal-police-shooting-black-man-walter-wallace-jr-west-philadelphia-protests/##https://www.nbcphiladelphia.com/news/local/crowds-protest-violence-west-philly-after-deadly-police-shooting/2574729/
10	5425	Lake Oswego, OR	Sunday, October 25, 2020		Subject(s): General - Police Brutality	Participant(s): 100	Time: Morning-Afternoon	Description: Led by mothers; included drumline	Source(s):##https://www.kgw.com/article/news/local/moms-united-for-black-lives-show-support-at-rally-in-lake-oswego/283-da63ee3c-8ff1-467d-aac6-38f5b5bf5048##https://katu.com/news/local/black-lives-matter-protest-met-with-opposing-groups-in-lake-oswego
10	5431	Ithaca, NY	Saturday, October 24, 2020		Subject(s): Police Defense Group/Demonstration,	Participant(s): 250	Time: Morning-Afternoon	"Description: Counterprotest to ""Back the Blue"" demonstration"	Source(s):##https://cornellsun.com/2020/10/24/back-the-blue-rally-at-ithaca-commons-met-with-hundreds-of-counterprotesters/
10	5428	Ann Arbor, MI	Saturday, October 24, 2020		Subject(s): Pioneer High School, School - Racism/White Supremacy	Participant(s): 80	Time: Unclear	Description: In response to systemic racism at the school	Source(s):##https://www.detroitnews.com/story/news/local/michigan/2020/10/24/black-lives-matter-protesters-call-action-ann-arbor-high-school/6007049002/
10	5427	Waukegan, IL	Thursday, October 22, 2020	- Saturday, October 24, 2020	Subject(s): Marcellis Stinnette, Waukegan Police Department	Participant(s): 100	Time: Unclear	Description: In response to killing of Stinnette by Waukegan police officer	Source(s):##https://wgntv.com/news/black-lives-matter-activists-rally-in-waukegan-after-man-shot-to-death-by-police/
10	5426	Shelby Township, MI	Saturday, October 24, 2020		Subject(s): Shelby Township Police Department, Chief Robert Shelide	Participant(s): 100	Time: Afternoon-Evening	Description: No details included for this demonstration.	Source(s):##https://www.detroitnews.com/story/news/local/macomb-county/2020/10/24/seven-arrested-black-lives-matter-protesters-march-shelby-township/6028842002/
10	5424	Nashville, TN	Saturday, October 24, 2020		Subject(s): General - Police Brutality, General - Racism/White Supremacy	Participant(s): 20-30 (est.)	Time: Unclear	Description: In Bellevue	Source(s):##https://www.wkrn.com/news/local-news/black-lives-matter-rally-held-in-bellevue/
11	5419	New York, NY - Montauk, NY	Thursday, October 1, 2020	- Saturday, October 17, 2020	Subject(s): General - Police Brutality	Participant(s): 1	Time: Continuous	Description: 118-mile silent walk from Manhattan to Montauk by Black 69yo retiree	Source(s):##https://www.danspapers.com/2020/10/leon-goodman-137-mile-protest-march-to-montauk/##https://patch.com/new-york/westhampton-hamptonbays/senior-walks-nyc-montauk-protest-police-brutality##https://www.27east.com/southampton-press/black-lives-matter-protester-walks-from-manhattan-to-montauk-lighting-one-candle-at-a-time-1728035/
11	5429	Webster, NY	Monday, October 12, 2020		Subject(s): Town Supr. Tom Flaherty, Local - White Privilege/Silence	Participant(s): 10 (est.)	Time: Evening	Description: No details included for this demonstration.	Source(s):##https://spectrumlocalnews.com/nys/rochester/news/2020/10/12/blm-protest-in-webster-takes-aim-at-town-supervisor-tom-flaherty
11	5423	Bristol, TN	Saturday, October 10, 2020		Subject(s): General - Police Brutality, General - Law Enforcement, Police Defense Group/Demonstration	Participant(s): 40	Time: Afternoon	Description: Orginally planned as counterprotest to police defense demonstration	Source(s):##https://swvatoday.com/news/article_11d39187-78b1-59a1-952d-1bbd7b12bb1b.html
11	5418	Tacoma, WA	Thursday, October 8, 2020		Subject(s): George Floyd, Ofc. Derek Chauvin, Manuel Ellis, Tacoma Police Department	Participant(s): 15-20 (est.)	Time: Evening	Description: Against release of Chauvin on bond & death of Ellis in Tacoma PD custody; I-5 shutdown	Source(s):##https://www.thenewstribune.com/news/local/article246331345.html##https://www.thenewstribune.com/news/local/article246329110.html
11	5416	Minneapolis, MO	Thursday, October 8, 2020		Subject(s): George Floyd, Ofc. Derek Chauvin	Participant(s): 300	Time: Evening	Description: Against release of Chauvin on bond; march from site where Chauvin killed Floyd	Source(s):##https://www.startribune.com/51-arrested-near-fifth-precinct-hq-after-protesting-chauvin-release/572670582/
11	5420	Bushnell, IL	Wednesday, October 7, 2020		Subject(s): General - Racism/White Supremacy, Local - Racism/White Supremacy	Participant(s): 3	Time: Afternoon	Description: No details included for this demonstration.	Source(s):##https://www.mcdonoughvoice.com/news/20201008/protesters-hold-unannounced-protest
11	5413	Milwauke, WI - Wauwatosa, WI	Wednesday, October 7, 2020		Subject(s): Alvin Cole, Ofc. Joseph Mensah, Wauwatosa Police Department	Participant(s): 100	Time: Afternoon-Evening	Description: Against decision to not charge Mensah for kiling Cole; march, I-94 shutdown	Source(s):##https://www.jsonline.com/story/news/2020/10/07/joseph-mensah-updates-follow-reaction-wauwatosa/5914351002/
11	5422	New York, NY	Tuesday, October 6, 2020		Subject(s): General - Police Unions, Other - QAnon	Participant(s): 100	Time: Evening	Description: March from Bushwick to Maspeth; took American flags from houses & set them on fire	Source(s):##https://qns.com/2020/10/protest-against-police-unions-and-q-anon/
11	5417	West Lafayette, IN	Monday, October 5, 2020		Subject(s): School - Racism/White Supremacy	Participant(s): 100+	Time: Afternoon	Description: At Purdue University, student-led	Source(s):##https://www.purdueexponent.org/campus/article_20388786-f166-11ea-add6-4f2f58f9399b.html
11	5449	Bend, OR	Saturday, October 3, 2020		Subject(s): Donald Trump, Pro-Trump Demonstration	Participant(s): Unclear	Time: Afternoon	Description: Counterprotest to pro-Trump demonstration	Source(s):##https://www.bendbulletin.com/localstate/melee-erupts-during-rallies-for-trump-supporters-social-justice-activists/article_dbfdcd58-05cc-11eb-8bf3-a340e2dbbe93.html##https://ktvz.com/top-stories/2020/10/03/dueling-bend-rallies-turn-into-melee-mace-taser-used-gun-pointed-1-arrest/
11	5448	North Preston, Nova Scotia, Canada	Saturday, October 3, 2020		Subject(s): Premier Stephen McNeil, African Nova Scotians, Local - Racism/White Supremacy,	Participant(s): 40+ (est.)	Time: Unclear	Description: No details included for this demonstration.	Source(s):##https://globalnews.ca/news/7376198/north-preston-march-oct-3/
11	5446	Ipswich, MA	Saturday, October 3, 2020		Subject(s): Breonna Taylor, Sgt. Jonathan Mattingly, Ofc. Brett Hankison, Ofc. Myles Cosgrov	Participant(s): Unclear	Time: Afternoon	Description: No details included for this demonstration.	Source(s):##http://thelocalne.ws/2020/10/03/blm-motor-protest-tours-town/
11	5445	Hartford, CT	Saturday, October 3, 2020		Subject(s): Second Amendment, Black Gun Ownership, General - Police Brutality	Participant(s): 40-50	Time: Unclear	Description: No details included for this demonstration.	Source(s):##https://www.courant.com/news/connecticut/hc-news-connecticut-hartford-gun-rights-black-lives-matter-20201003-qxwlhlcgbfgtrk5t6i4vlarbn4-story.html
11	5444	Lafayette, LA	Saturday, October 3, 2020		Subject(s): Trayford Pellerin, U.S. Rep. Clay Higgins, Black Gun Ownership	Participant(s): Hundreds	Time: Afternoon-Evening	Description: No details included for this demonstration.	Source(s):##https://www.theadvocate.com/acadiana/news/crime_police/article_57cb1a88-0593-11eb-aea7-57719b5886fe.html
11	5443	Portland, ME	Saturday, October 3, 2020		Subject(s): Local - Racism/White Supremacy,	Participant(s): 100+	Time: Unclear	Description: No details included for this demonstration.	Source(s):##https://wgme.com/news/local/hundreds-march-in-justice
11	5441	Kansas City, MO	Friday, October 2, 2020	- Saturday, October 3, 2020	Subject(s): Chief Rick Smith, Ofc. Newton, Kansas City Police Department	Participant(s): 45	Time: Evening	Description: Occupation outside City Hall in response to Newton kneeling on pregnant woman's back	Source(s):##https://www.kshb.com/news/local-news/protesters-occupy-front-lawn-of-city-hall-overnight
11	5440	St. Petersburg, FL	Saturday, October 3, 2020		Subject(s): Breonna Taylor, Local - Racism/White Supremacy, General - Police Brutality	Participant(s): 50+ (est.)	Time: Evening	Description: Included silent march to avoid interaction with police defense/pro-Trump demonstrators	Source(s):##https://www.wtsp.com/article/news/local/protesters-meet-st-pete-black-lives-matter-blue-thunder/67-350c84f2-541a-4e07-8d04-ec8800617d18
11	5439	Philadelphia, PA	Saturday, October 3, 2020		Subject(s): Breonna Taylor, Sgt. Jonathan Mattingly, Ofc. Brett Hankison, Ofc. Myles Cosgrov	Participant(s): 75-100	Time: Afternoon	Description: No details included for this demonstration.	Source(s):##https://whyy.org/articles/demonstration-at-art-museum-honors-breonna-taylor/
11	5438	Rochester, NY	Saturday, October 3, 2020		Subject(s): General - Black Lives Matter Movement	Participant(s): 50+ (est.)	Time: Unclear	Description: Student-led at Rochester Institute of Technology	Source(s):##https://spectrumlocalnews.com/nys/rochester/human-interest/2020/10/03/rit-students-host-black-lives-matter-rally-on-campus-saturday
11	5414	Phoenix, AZ	Saturday, October 3, 2020		Subject(s): Dion Johnson, Breonna Taylor, Ofc. George Cervantes, Phoenix Police Department, Local - Law Enforcement	Participant(s): Hundreds	Time: Afternoon-Evening	Description: Included mock coffin	Source(s):##https://www.azcentral.com/story/news/local/phoenix/2020/10/03/protesters-march-city-hall-honor-dion-johnson-breonna-taylor/3609302001/##https://ktar.com/story/3607225/phoenix-police-arrest-7-people-following-black-lives-matter-protest/
12	5447	Rome, NY	Friday, October 2, 2020		Subject(s): Rome Police Department	Participant(s): 50	Time: Afternoon-Evening	Description: Against police use of force at Guyer Field on 10/1/20	Source(s):##https://romesentinel.com/stories/protest-of-guyer-field-incident-draws-crowd-of-about-50-people-three-taken-into-custody,104825
12	5442	Kansas City, MO	Friday, October 2, 2020		Subject(s): Chief Rick Smith, Ofc. Newton, Kansas City Police Department	Participant(s): 100	Time: Afternoon-Evening	Description: Rally outside police HQ in response to Newton kneeling on pregnant woman's back	Source(s):##https://www.kshb.com/news/local-news/community-activists-call-for-termination-of-kcpd-officer-chief-after-pregnant-womans-arrest
12	5437	Atlanta, GA	Friday, October 2, 2020		Subject(s): Breonna Taylor	Participant(s): 12	Time: Evening	Description: In Buckhead	Source(s):##https://www.reporternewspapers.net/2020/10/03/photos-small-car-parade-in-buckhead-protests-breonna-taylor-killing/
12	5430	Rochester, NY - Webster, NY	Friday, October 2, 2020		Subject(s): Daniel Prude, DA Sandra Doorley	Participant(s): Dozens	Time: Evening	Description: Rally at Rochester City Hall, car caravan to Doorley's Webster house	Source(s):##https://spectrumlocalnews.com/nys/rochester/news/2020/10/03/protesters-drive-to-monroe-county-district-attorney-s-home?cid=id-app15_m-share_s-web_cmp-app_launch_august2020_c-producer_posts_po-organic
12	5421	Revere, MA	Thursday, October 1, 2020		Subject(s): General - Black Lives Matter Movement	Participant(s): 160 (est.)	Time: Unclear	Description: Monthly vigil outside First Baptist Church	Source(s):##https://www.joplinglobe.com/news/local_news/joplin-for-justice-protest-calls-for-county-official-john-bartosh-to-resign/article_b0367af6-d630-57bb-867e-6c97dc5320c4.html
12	5412	Cedar Falls, IA	Thursday, October 1, 2020		Subject(s): Local - Policing	Participant(s): 100	Time: Evening	Description: No details included for this demonstration.	Source(s):##https://twitter.com/VinnyLowerretv/status/1311830492388491264##https://kwwl.com/2020/10/01/protesters-marching-in-cedar-falls/
12	5411	Pawleys Island, SC	Thursday, October 1, 2020		Subject(s): Mayor Brian Henry, Local - Racism/White Supremacy, General - Black Lives Matter Movement	Participant(s): 12+	Time: Unclear	Description: In response to racist, anti-BLM comments made by Henry	Source(s):##https://www.postandcourier.com/georgetown/news/naacp-protests-will-continue-until-pawleys-island-mayor-brian-henry-resigns/article_b9c303ee-0422-11eb-9e25-9f71d0cc1426.html
12	5415	Lakeside, CA	Monday, September 28, 2020		Subject(s): General - Police Brutality, General - Law Enforcement, Local - Racism/White Supremacy	Participant(s): 20+ (est.)	Time: Afternoon	Description: Caravan met w/ racist, pro-Trump counterprotesters	Source(s):##https://www.sandiegouniontribune.com/news/public-safety/story/2020-10-04/black-lives-matter-caravan-met-with-opposition-in-lakeside
12	5409	York, PA	Monday, September 28, 2020		Subject(s): Breonna Taylor, Sgt. Jonathan Mattingly, Ofc. Brett Hankison, Ofc. Myles Cosgrov	Participant(s): 30	Time: Evening	Description: No details included for this demonstration.	Source(s):##https://www.yorkdispatch.com/story/news/education/2020/09/28/say-her-name-central-york-student-leads-protest-breonna-taylor/3568695001/
12	5405	Louisville, KY	Monday, September 28, 2020		Subject(s): Breonna Taylor, Sgt. Jonathan Mattingly, Ofc. Brett Hankison, Ofc. Myles Cosgrov	Participant(s): 30-40 (est.)	Time: Evening	Description: March from Jefferson Square Park thru downtown	Source(s):##https://www.whas11.com/article/news/local/5-arrested-during-monday-protests-police-say/417-a7d7d3d2-c16c-4e46-851f-2fd51953a537
12	6404	Potsdam, NY	Sunday, September 27, 2020		Subject(s): Breonna Taylor	Participant(s): 30+ (est.)	Time: Evening	Description: No details included for this demonstration.	Source(s):##https://www.wwnytv.com/2020/09/27/raising-their-voices-potsdam-support-black-lives-matter/
12	5407	Highland, IL	Sunday, September 27, 2020		Subject(s): General - Police Brutality	Participant(s): 50	Time: Unclear	Description: Confronted by hostile, racist counterprotesters	Source(s):##https://www.bnd.com/news/local/article246057940.html
12	5395	Louisville, KY	Sunday, September 27, 2020		Subject(s): Breonna Taylor, Sgt. Jonathan Mattingly, Ofc. Brett Hankison, Ofc. Myles Cosgrov	Participant(s): Dozens	Time: Evening	Description: March to First Unitarian Church	Source(s):##https://www.wlky.com/article/louisville-protests-continue-in-breonna-taylors-name-5th-night-after-jury-decision/34184499##https://www.courier-journal.com/story/news/local/breonna-taylor/2020/09/28/breonna-taylor-louisville-protests-what-happened-over-weekend/3556103001/
